0,1
Step #1,2.3514761924743652
Step #2,2.3001160621643066
Step #3,2.2533626556396484
Step #4,2.287102222442627
Step #5,2.2781357765197754
Step #6,2.3065013885498047
Step #7,2.2619166374206543
Step #8,2.2967069149017334
Step #9,2.2827253341674805
Step #10,2.2928075790405273
Step #11,2.354966878890991
Step #12,2.264845848083496
Step #13,2.3176333904266357
Step #14,2.3380959033966064
Step #15,2.2936971187591553
Step #16,2.2581887245178223
Step #17,2.346788167953491
Step #18,2.328998565673828
Step #19,2.243652820587158
Step #20,2.2880241870880127
Step #21,2.2827200889587402
Step #22,2.283811330795288
Step #23,2.3048276901245117
Step #24,2.3562912940979004
Step #25,2.3291029930114746
Step #26,2.3569936752319336
Step #27,2.291459798812866
Step #28,2.2823665142059326
Step #29,2.322007179260254
Step #30,2.263737201690674
Step #31,2.255733013153076
Step #32,2.3625926971435547
Step #33,2.3624322414398193
Step #34,2.3046443462371826
Step #35,2.364577293395996
Step #36,2.3414812088012695
Step #37,2.3069753646850586
Step #38,2.3378424644470215
Step #39,2.312830924987793
Step #40,2.32466721534729
Step #41,2.263552665710449
Step #42,2.263655662536621
Step #43,2.296766757965088
Step #44,2.3199055194854736
Step #45,2.3288302421569824
Step #46,2.323455572128296
Step #47,2.312627077102661
Step #48,2.297451972961426
Step #49,2.3053340911865234
Step #50,2.282949447631836
Step #51,2.323136329650879
Step #52,2.3176071643829346
Step #53,2.3064451217651367
Step #54,2.26712703704834
Step #55,2.327420234680176
Step #56,2.3297653198242188
Step #57,2.2454843521118164
Step #58,2.343832015991211
Step #59,2.306473970413208
Step #60,2.3135805130004883
Step #61,2.2989730834960938
Step #62,2.2329556941986084
Step #63,2.326569080352783
Step #64,2.3694686889648438
Step #65,2.2475438117980957
Step #66,2.3351190090179443
Step #67,2.3403754234313965
Step #68,2.2824249267578125
Step #69,2.322308301925659
Step #70,2.30454421043396
Step #71,2.258833408355713
Step #72,2.33756685256958
Step #73,2.3532681465148926
Step #74,2.2901554107666016
Step #75,2.339940071105957
Step #76,2.3523781299591064
Step #77,2.285046100616455
Step #78,2.3036911487579346
Step #79,2.2982587814331055
Step #80,2.26303768157959
Step #81,2.239539384841919
Step #82,2.3271913528442383
Step #83,2.3193013668060303
Step #84,2.330615520477295
Step #85,2.287169933319092
Step #86,2.3188464641571045
Step #87,2.329763412475586
Step #88,2.272385597229004
Step #89,2.3223867416381836
Step #90,2.323328971862793
Step #91,2.25631046295166
Step #92,2.2688794136047363
Step #93,2.242384910583496
Step #94,2.305245876312256
Step #95,2.3306326866149902
Step #96,2.2670769691467285
Step #97,2.298227071762085
Step #98,2.324599504470825
Step #99,2.325587749481201
Step #100,2.301193952560425
Step #101,2.326154947280884
Step #102,2.3391788005828857
Step #103,2.30241060256958
Step #104,2.3342971801757812
Step #105,2.250296115875244
Step #106,2.2757954597473145
Step #107,2.279384136199951
Step #108,2.2908120155334473
Step #109,2.3266263008117676
Step #110,2.3084235191345215
Step #111,2.3072590827941895
Step #112,2.2540764808654785
Step #113,2.283806800842285
Step #114,2.310457706451416
Step #115,2.2950987815856934
Step #116,2.314781665802002
Step #117,2.3069186210632324
Step #118,2.3160789012908936
Step #119,2.3021225929260254
Step #120,2.2820968627929688
Step #121,2.304563045501709
Step #122,2.324777841567993
Step #123,2.3277668952941895
Step #124,2.3075413703918457
Step #125,2.240565061569214
Step #126,2.339858293533325
Step #127,2.2765321731567383
Step #128,2.3264923095703125
Step #129,2.289917469024658
Step #130,2.3379223346710205
Step #131,2.3591432571411133
Step #132,2.2895848751068115
Step #133,2.3132567405700684
Step #134,2.312588691711426
Step #135,2.3269739151000977
Step #136,2.3151116371154785
Step #137,2.3404011726379395
Step #138,2.3118655681610107
Step #139,2.2459230422973633
Step #140,2.2919883728027344
Step #141,2.3156089782714844
Step #142,2.2668561935424805
Step #143,2.2752599716186523
Step #144,2.3220672607421875
Step #145,2.29300594329834
Step #146,2.3105478286743164
Step #147,2.283853530883789
Step #148,2.3075404167175293
Step #149,2.3016438484191895
Step #150,2.33161997795105
Step #151,2.326535940170288
Step #152,2.3021042346954346
Step #153,2.3308169841766357
Step #154,2.3228249549865723
Step #155,2.349444627761841
Step #156,2.3434972763061523
Step #157,2.3097856044769287
Step #158,2.3087003231048584
Step #159,2.2945926189422607
Step #160,2.303647041320801
Step #161,2.311396598815918
Step #162,2.3227903842926025
Step #163,2.2682595252990723
Step #164,2.293456554412842
Step #165,2.2754220962524414
Step #166,2.3075757026672363
Step #167,2.320577383041382
Step #168,2.2678027153015137
Step #169,2.3131651878356934
Step #170,2.236741065979004
Step #171,2.312166213989258
Step #172,2.3140716552734375
Step #173,2.311626434326172
Step #174,2.3206586837768555
Step #175,2.3453845977783203
Step #176,2.306076765060425
Step #177,2.32082462310791
Step #178,2.29876708984375
Step #179,2.2644410133361816
Step #180,2.2950189113616943
Step #181,2.28755259513855
Step #182,2.3174304962158203
Step #183,2.285214424133301
Step #184,2.331813335418701
Step #185,2.3025832176208496
Step #186,2.3031930923461914
Step #187,2.301053047180176
Step #188,2.3238916397094727
Step #189,2.3034369945526123
Step #190,2.2585391998291016
Step #191,2.2782506942749023
Step #192,2.2843551635742188
Step #193,2.3045706748962402
Step #194,2.306277275085449
Step #195,2.3365840911865234
Step #196,2.2810864448547363
Step #197,2.3192145824432373
Step #198,2.27974271774292
Step #199,2.2825727462768555
Step #200,2.291579246520996
Step #201,2.308563232421875
Step #202,2.309037923812866
Step #203,2.2884068489074707
Step #204,2.31080961227417
Step #205,2.3046627044677734
Step #206,2.3177425861358643
Step #207,2.316725254058838
Step #208,2.2924423217773438
Step #209,2.283778190612793
Step #210,2.2888002395629883
Step #211,2.288947820663452
Step #212,2.298384666442871
Step #213,2.2506465911865234
Step #214,2.3446953296661377
Step #215,2.2857370376586914
Step #216,2.2955832481384277
Step #217,2.281618118286133
Step #218,2.2683041095733643
Step #219,2.2524325847625732
Step #220,2.321723699569702
Step #221,2.2588393688201904
Step #222,2.341353178024292
Step #223,2.3081367015838623
Step #224,2.2918524742126465
Step #225,2.320038318634033
Step #226,2.331177234649658
Step #227,2.2976386547088623
Step #228,2.292506694793701
Step #229,2.3291592597961426
Step #230,2.3027262687683105
Step #231,2.3143625259399414
Step #232,2.2927498817443848
Step #233,2.347543239593506
Step #234,2.332797050476074
Step #235,2.2655744552612305
Step #236,2.275522232055664
Step #237,2.278632879257202
Step #238,2.3199715614318848
Step #239,2.2851734161376953
Step #240,2.279893398284912
Step #241,2.3174991607666016
Step #242,2.327683687210083
Step #243,2.316545009613037
Step #244,2.2249865531921387
Step #245,2.307887315750122
Step #246,2.3004322052001953
Step #247,2.325523853302002
Step #248,2.3122668266296387
Step #249,2.3130784034729004
Step #250,2.293642997741699
Step #251,2.3104772567749023
Step #252,2.2586255073547363
Step #253,2.290351390838623
Step #254,2.3030383586883545
Step #255,2.285261631011963
Step #256,2.253127098083496
Step #257,2.287954807281494
Step #258,2.3134520053863525
Step #259,2.2966256141662598
Step #260,2.253093957901001
Step #261,2.3334999084472656
Step #262,2.346252918243408
Step #263,2.3154327869415283
Step #264,2.2514724731445312
Step #265,2.3363232612609863
Step #266,2.214548110961914
Step #267,2.365438938140869
Step #268,2.357351303100586
Step #269,2.3243770599365234
Step #270,2.32035493850708
Step #271,2.3080830574035645
Step #272,2.3559107780456543
Step #273,2.3247666358947754
Step #274,2.3135180473327637
Step #275,2.350951671600342
Step #276,2.3287205696105957
Step #277,2.295443534851074
Step #278,2.31648588180542
Step #279,2.321503162384033
Step #280,2.2974255084991455
Step #281,2.290977716445923
Step #282,2.3292360305786133
Step #283,2.3269124031066895
Step #284,2.2985177040100098
Step #285,2.278455972671509
Step #286,2.259227752685547
Step #287,2.278731346130371
Step #288,2.303176164627075
Step #289,2.328861713409424
Step #290,2.3362534046173096
Step #291,2.3322370052337646
Step #292,2.2735214233398438
Step #293,2.275158166885376
Step #294,2.273653507232666
Step #295,2.3331656455993652
Step #296,2.2974963188171387
Step #297,2.3080594539642334
Step #298,2.3473455905914307
Step #299,2.33646821975708
Step #300,2.2583327293395996
Step #301,2.29610276222229
Step #302,2.2702648639678955
Step #303,2.3278422355651855
Step #304,2.3161489963531494
Step #305,2.3158364295959473
Step #306,2.26173734664917
Step #307,2.305511951446533
Step #308,2.262367010116577
Step #309,2.296078681945801
Step #310,2.272573709487915
Step #311,2.310666084289551
Step #312,2.272113084793091
Step #313,2.3083767890930176
Step #314,2.3200244903564453
Step #315,2.268822431564331
Step #316,2.2724337577819824
Step #317,2.3000965118408203
Step #318,2.3244543075561523
Step #319,2.302631378173828
Step #320,2.289747953414917
Step #321,2.2831034660339355
Step #322,2.264657974243164
Step #323,2.3536272048950195
Step #324,2.2535793781280518
Step #325,2.321460723876953
Step #326,2.279921293258667
Step #327,2.301671266555786
Step #328,2.3039190769195557
Step #329,2.2679295539855957
Step #330,2.2596616744995117
Step #331,2.300992965698242
Step #332,2.311340808868408
Step #333,2.2082362174987793
Step #334,2.2625343799591064
Step #335,2.324354648590088
Step #336,2.2928104400634766
Step #337,2.341705322265625
Step #338,2.3586692810058594
Step #339,2.3273043632507324
Step #340,2.3394670486450195
Step #341,2.3004651069641113
Step #342,2.317067861557007
Step #343,2.29822039604187
Step #344,2.345205783843994
Step #345,2.3538594245910645
Step #346,2.2734272480010986
Step #347,2.355628728866577
Step #348,2.2884535789489746
Step #349,2.2648427486419678
Step #350,2.2535433769226074
Step #351,2.290855646133423
Step #352,2.2988295555114746
Step #353,2.2994279861450195
Step #354,2.2779064178466797
Step #355,2.3245151042938232
Step #356,2.288292407989502
Step #357,2.3187334537506104
Step #358,2.304295301437378
Step #359,2.2827107906341553
Step #360,2.2742533683776855
Step #361,2.339961051940918
Step #362,2.322516918182373
Step #363,2.3023574352264404
Step #364,2.338731050491333
Step #365,2.329592704772949
Step #366,2.308128833770752
Step #367,2.2982680797576904
Step #368,2.316453695297241
Step #369,2.2848730087280273
Step #370,2.2481846809387207
Step #371,2.3004496097564697
Step #372,2.3175601959228516
Step #373,2.3232693672180176
Step #374,2.283618927001953
Step #375,2.2948126792907715
Step #376,2.35364031791687
Step #377,2.3121182918548584
Step #378,2.272571563720703
Step #379,2.2872400283813477
Step #380,2.273897647857666
Step #381,2.3042309284210205
Step #382,2.32143497467041
Step #383,2.31729793548584
Step #384,2.2885842323303223
Step #385,2.335503578186035
Step #386,2.277665138244629
Step #387,2.32108211517334
Step #388,2.2863826751708984
Step #389,2.2981958389282227
Step #390,2.3138070106506348
Step #391,2.2944815158843994
Step #392,2.307204246520996
Step #393,2.304434299468994
Step #394,2.308213710784912
Step #395,2.265364170074463
Step #396,2.313987970352173
Step #397,2.3361358642578125
Step #398,2.2638132572174072
Step #399,2.292191505432129
Step #400,2.311422348022461
Step #401,2.3176820278167725
Step #402,2.3275885581970215
Step #403,2.3191986083984375
Step #404,2.2825753688812256
Step #405,2.3357248306274414
Step #406,2.3129587173461914
Step #407,2.2572569847106934
Step #408,2.238999128341675
Step #409,2.312795639038086
Step #410,2.3216099739074707
Step #411,2.298891544342041
Step #412,2.31703519821167
Step #413,2.263152837753296
Step #414,2.334899425506592
Step #415,2.298434019088745
Step #416,2.320493698120117
Step #417,2.344432830810547
Step #418,2.324361801147461
Step #419,2.3073842525482178
Step #420,2.341108560562134
Step #421,2.258375644683838
Step #422,2.3275034427642822
Step #423,2.242065906524658
Step #424,2.291215419769287
Step #425,2.330624580383301
Step #426,2.352701187133789
Step #427,2.343923568725586
Step #428,2.2825541496276855
Step #429,2.2459287643432617
Step #430,2.2875726222991943
Step #431,2.319525957107544
Step #432,2.328866481781006
Step #433,2.3311784267425537
Step #434,2.2912063598632812
Step #435,2.255704879760742
Step #436,2.3222784996032715
Step #437,2.2928154468536377
Step #438,2.3364157676696777
Step #439,2.277283191680908
Step #440,2.3105008602142334
Step #441,2.3325135707855225
Step #442,2.322131633758545
Step #443,2.3099751472473145
Step #444,2.329206943511963
Step #445,2.2712368965148926
Step #446,2.3019843101501465
Step #447,2.3162741661071777
Step #448,2.269077777862549
Step #449,2.353529453277588
Step #450,2.310795545578003
Step #451,2.3445944786071777
Step #452,2.297307014465332
Step #453,2.3141021728515625
Step #454,2.2801289558410645
Step #455,2.327404737472534
Step #456,2.343749523162842
Step #457,2.273826837539673
Step #458,2.3092522621154785
Step #459,2.3199167251586914
Step #460,2.273378372192383
Step #461,2.338095188140869
Step #462,2.326077699661255
Step #463,2.345768451690674
Step #464,2.344191789627075
Step #465,2.3202123641967773
Step #466,2.335930824279785
Step #467,2.3074028491973877
Step #468,2.328375816345215
Step #469,2.3319668769836426
Step #470,2.3048601150512695
Step #471,2.309117078781128
Step #472,2.2604339122772217
Step #473,2.293562412261963
Step #474,2.3291099071502686
Step #475,2.280449390411377
Step #476,2.281984806060791
Step #477,2.3137450218200684
Step #478,2.2685837745666504
Step #479,2.3366174697875977
Step #480,2.3310341835021973
Step #481,2.3200674057006836
Step #482,2.2742598056793213
Step #483,2.286482095718384
Step #484,2.2590885162353516
Step #485,2.325636148452759
Step #486,2.3083958625793457
Step #487,2.33986759185791
Step #488,2.2968087196350098
Step #489,2.299346923828125
Step #490,2.2862629890441895
Step #491,2.318687915802002
Step #492,2.274355888366699
Step #493,2.3113627433776855
Step #494,2.331536293029785
Step #495,2.3027374744415283
Step #496,2.3032991886138916
Step #497,2.243319511413574
Step #498,2.2868664264678955
Step #499,2.2876555919647217
Step #500,2.3289480209350586
Step #501,2.340174674987793
Step #502,2.322801113128662
Step #503,2.294248342514038
Step #504,2.298488140106201
Step #505,2.328399896621704
Step #506,2.286936044692993
Step #507,2.2902426719665527
Step #508,2.296119213104248
Step #509,2.322063684463501
Step #510,2.3131518363952637
Step #511,2.320852518081665
Step #512,2.2889046669006348
Step #513,2.285947322845459
Step #514,2.2755179405212402
Step #515,2.2953553199768066
Step #516,2.324695587158203
Step #517,2.27044939994812
Step #518,2.2788448333740234
Step #519,2.318216323852539
Step #520,2.2793564796447754
Step #521,2.33577036857605
Step #522,2.3155922889709473
Step #523,2.278942584991455
Step #524,2.2476344108581543
Step #525,2.2751595973968506
Step #526,2.331873893737793
Step #527,2.2962141036987305
Step #528,2.2770519256591797
Step #529,2.29771089553833
Step #530,2.2900869846343994
Step #531,2.3503355979919434
Step #532,2.3062448501586914
Step #533,2.3350372314453125
Step #534,2.272163152694702
Step #535,2.299966335296631
Step #536,2.278351306915283
Step #537,2.310901641845703
Step #538,2.323375701904297
Step #539,2.2666754722595215
Step #540,2.2647666931152344
Step #541,2.3217642307281494
Step #542,2.2840757369995117
Step #543,2.3066654205322266
Step #544,2.26076602935791
Step #545,2.2458319664001465
Step #546,2.28141713142395
Step #547,2.299987316131592
Step #548,2.2887766361236572
Step #549,2.3470396995544434
Step #550,2.3180091381073
Step #551,2.31854248046875
Step #552,2.267958641052246
Step #553,2.2266337871551514
Step #554,2.2947793006896973
Step #555,2.267935037612915
Step #556,2.2758636474609375
Step #557,2.321564197540283
Step #558,2.3196544647216797
Step #559,2.2696433067321777
Step #560,2.3473060131073
Step #561,2.3087735176086426
Step #562,2.2326533794403076
Step #563,2.344804286956787
Step #564,2.294811248779297
Step #565,2.314669370651245
Step #566,2.2930829524993896
Step #567,2.32242488861084
Step #568,2.266991376876831
Step #569,2.319228172302246
Step #570,2.256641387939453
Step #571,2.2907280921936035
Step #572,2.2358570098876953
Step #573,2.2738451957702637
Step #574,2.2718329429626465
Step #575,2.2486701011657715
Step #576,2.307870626449585
Step #577,2.307053804397583
Step #578,2.267355442047119
Step #579,2.3096985816955566
Step #580,2.2998270988464355
Step #581,2.3469979763031006
Step #582,2.317307472229004
Step #583,2.251737356185913
Step #584,2.2968475818634033
Step #585,2.31313419342041
Step #586,2.265693426132202
Step #587,2.294492721557617
Step #588,2.3025765419006348
Step #589,2.337554693222046
Step #590,2.345055341720581
Step #591,2.3131561279296875
Step #592,2.26650333404541
Step #593,2.323892831802368
Step #594,2.2960400581359863
Step #595,2.2926228046417236
Step #596,2.2735397815704346
Step #597,2.3472847938537598
Step #598,2.3042495250701904
Step #599,2.2965526580810547
Step #600,2.3142714500427246
Step #601,2.337679862976074
Step #602,2.326585531234741
Step #603,2.2681586742401123
Step #604,2.3032286167144775
Step #605,2.3068954944610596
Step #606,2.283383846282959
Step #607,2.297600030899048
Step #608,2.2806596755981445
Step #609,2.2973756790161133
Step #610,2.3364384174346924
Step #611,2.2649683952331543
Step #612,2.3409998416900635
Step #613,2.311607837677002
Step #614,2.322430372238159
Step #615,2.3307464122772217
Step #616,2.30692720413208
Step #617,2.3112502098083496
Step #618,2.3016653060913086
Step #619,2.3318099975585938
Step #620,2.2751598358154297
Step #621,2.3219313621520996
Step #622,2.3028604984283447
Step #623,2.291623115539551
Step #624,2.3004140853881836
Step #625,2.297783613204956
Step #626,2.338587760925293
Step #627,2.270509719848633
Step #628,2.3101305961608887
Step #629,2.2681567668914795
Step #630,2.2887015342712402
Step #631,2.25449275970459
Step #632,2.3404080867767334
Step #633,2.2540435791015625
Step #634,2.323279857635498
Step #635,2.3088173866271973
Step #636,2.293581485748291
Step #637,2.3255248069763184
Step #638,2.282926082611084
Step #639,2.28770112991333
Step #640,2.2526943683624268
Step #641,2.316128730773926
Step #642,2.319362163543701
Step #643,2.261234760284424
Step #644,2.3406529426574707
Step #645,2.3105406761169434
Step #646,2.3662304878234863
Step #647,2.3217337131500244
Step #648,2.2776472568511963
Step #649,2.3023765087127686
Step #650,2.2645022869110107
Step #651,2.307267189025879
Step #652,2.3528051376342773
Step #653,2.305401563644409
Step #654,2.3116226196289062
Step #655,2.309724807739258
Step #656,2.291797399520874
Step #657,2.349543333053589
Step #658,2.3216891288757324
Step #659,2.362787961959839
Step #660,2.338773250579834
Step #661,2.249410629272461
Step #662,2.3175621032714844
Step #663,2.3352508544921875
Step #664,2.3347463607788086
Step #665,2.3007564544677734
Step #666,2.3078129291534424
Step #667,2.297560691833496
Step #668,2.239758014678955
Step #669,2.304187059402466
Step #670,2.329524278640747
Step #671,2.3077917098999023
Step #672,2.306957721710205
Step #673,2.2910311222076416
Step #674,2.326106548309326
Step #675,2.318075180053711
Step #676,2.3185324668884277
Step #677,2.2493910789489746
Step #678,2.2823801040649414
Step #679,2.3388333320617676
Step #680,2.311833381652832
Step #681,2.2897772789001465
Step #682,2.3074159622192383
Step #683,2.2780745029449463
Step #684,2.265554428100586
Step #685,2.342756748199463
Step #686,2.2910168170928955
Step #687,2.321638584136963
Step #688,2.31229305267334
Step #689,2.2858076095581055
Step #690,2.2802672386169434
Step #691,2.2597546577453613
Step #692,2.2862632274627686
Step #693,2.3238978385925293
Step #694,2.2708168029785156
Step #695,2.3148088455200195
Step #696,2.25801944732666
Step #697,2.3064208030700684
Step #698,2.2611937522888184
Step #699,2.331697702407837
Step #700,2.3604323863983154
Step #701,2.311100959777832
Step #702,2.2475898265838623
Step #703,2.3000941276550293
Step #704,2.298057794570923
Step #705,2.26353120803833
Step #706,2.2841567993164062
Step #707,2.3101625442504883
Step #708,2.275444269180298
Step #709,2.223339080810547
Step #710,2.322252035140991
Step #711,2.211001396179199
Step #712,2.316667318344116
Step #713,2.2865896224975586
Step #714,2.2738699913024902
Step #715,2.3179931640625
Step #716,2.277653217315674
Step #717,2.2882773876190186
Step #718,2.2952444553375244
Step #719,2.354788303375244
Step #720,2.2743077278137207
Step #721,2.345789670944214
Step #722,2.2490763664245605
Step #723,2.30497407913208
Step #724,2.351365566253662
Step #725,2.331867218017578
Step #726,2.3062009811401367
Step #727,2.334839105606079
Step #728,2.3441319465637207
Step #729,2.2647483348846436
Step #730,2.3330376148223877
Step #731,2.3143014907836914
Step #732,2.3242177963256836
Step #733,2.354510545730591
Step #734,2.317434787750244
Step #735,2.3342409133911133
Step #736,2.2867178916931152
Step #737,2.275855541229248
Step #738,2.330324649810791
Step #739,2.3128504753112793
Step #740,2.328141689300537
Step #741,2.322085380554199
Step #742,2.307222604751587
Step #743,2.297032356262207
Step #744,2.330597400665283
Step #745,2.230619430541992
Step #746,2.2968122959136963
Step #747,2.344217300415039
Step #748,2.2986292839050293
Step #749,2.3664045333862305
Step #750,2.359492778778076
Step #751,2.2754323482513428
Step #752,2.2556819915771484
Step #753,2.3105087280273438
Step #754,2.2946133613586426
Step #755,2.341251850128174
Step #756,2.3157858848571777
Step #757,2.3110339641571045
Step #758,2.3475852012634277
Step #759,2.3086061477661133
Step #760,2.319098711013794
Step #761,2.347834587097168
Step #762,2.3230271339416504
Step #763,2.3297336101531982
Step #764,2.248593330383301
Step #765,2.312899112701416
Step #766,2.351142644882202
Step #767,2.316664457321167
Step #768,2.30238676071167
Step #769,2.3291893005371094
Step #770,2.3222427368164062
Step #771,2.3363595008850098
Step #772,2.273836135864258
Step #773,2.2920963764190674
Step #774,2.2766194343566895
Step #775,2.2367050647735596
Step #776,2.3091092109680176
Step #777,2.283999443054199
Step #778,2.2848198413848877
Step #779,2.3292202949523926
Step #780,2.268796443939209
Step #781,2.2741589546203613
Step #782,2.264422655105591
Step #783,2.3434133529663086
Step #784,2.273043394088745
Step #785,2.3593621253967285
Step #786,2.284820079803467
Step #787,2.3381574153900146
Step #788,2.3263354301452637
Step #789,2.305455207824707
Step #790,2.2578861713409424
Step #791,2.2495803833007812
Step #792,2.3147473335266113
Step #793,2.3265061378479004
Step #794,2.318889617919922
Step #795,2.3282933235168457
Step #796,2.3083393573760986
Step #797,2.275397539138794
Step #798,2.300175905227661
Step #799,2.2986695766448975
Step #800,2.327670097351074
Step #801,2.302530288696289
Step #802,2.336709499359131
Step #803,2.3191044330596924
Step #804,2.2750585079193115
Step #805,2.306783676147461
Step #806,2.2616610527038574
Step #807,2.283759117126465
Step #808,2.3143348693847656
Step #809,2.348778247833252
Step #810,2.332329034805298
Step #811,2.320676803588867
Step #812,2.300976276397705
Step #813,2.2719461917877197
Step #814,2.3076114654541016
Step #815,2.311755418777466
Step #816,2.3460745811462402
Step #817,2.3055245876312256
Step #818,2.3091225624084473
Step #819,2.256770133972168
Step #820,2.329275608062744
Step #821,2.2864644527435303
Step #822,2.3297066688537598
Step #823,2.3128488063812256
Step #824,2.328604221343994
Step #825,2.322964668273926
Step #826,2.3575992584228516
Step #827,2.302882194519043
Step #828,2.3044662475585938
Step #829,2.243150234222412
Step #830,2.2869958877563477
Step #831,2.305307149887085
Step #832,2.2829055786132812
Step #833,2.3270368576049805
Step #834,2.259143829345703
Step #835,2.2668251991271973
Step #836,2.2709031105041504
Step #837,2.2807939052581787
Step #838,2.2720112800598145
Step #839,2.244853973388672
Step #840,2.2685060501098633
Step #841,2.287694215774536
Step #842,2.2768521308898926
Step #843,2.268630027770996
Step #844,2.3057425022125244
Step #845,2.304838180541992
Step #846,2.2418618202209473
Step #847,2.2819390296936035
Step #848,2.312566041946411
Step #849,2.301771640777588
Step #850,2.311298370361328
Step #851,2.2627205848693848
Step #852,2.3147647380828857
Step #853,2.3345162868499756
Step #854,2.323626756668091
Step #855,2.2828831672668457
Step #856,2.3140130043029785
Step #857,2.331669330596924
Step #858,2.304703950881958
Step #859,2.347062587738037
Step #860,2.315229654312134
Step #861,2.2999918460845947
Step #862,2.281697988510132
Step #863,2.3080739974975586
Step #864,2.3582842350006104
Step #865,2.2603626251220703
Step #866,2.2772927284240723
Step #867,2.3348939418792725
Step #868,2.3203024864196777
Step #869,2.349843740463257
Step #870,2.33524227142334
Step #871,2.307467460632324
Step #872,2.3192458152770996
Step #873,2.2989795207977295
Step #874,2.347398281097412
Step #875,2.318228006362915
Step #876,2.3288235664367676
Step #877,2.2826952934265137
Step #878,2.3009843826293945
Step #879,2.260934352874756
Step #880,2.3151955604553223
Step #881,2.2792978286743164
Step #882,2.2627482414245605
Step #883,2.3373358249664307
Step #884,2.337486505508423
Step #885,2.3153867721557617
Step #886,2.272810697555542
Step #887,2.3154687881469727
Step #888,2.304335594177246
Step #889,2.3078155517578125
Step #890,2.2629103660583496
Step #891,2.281404972076416
Step #892,2.2992448806762695
Step #893,2.3329074382781982
Step #894,2.30208683013916
Step #895,2.307925224304199
Step #896,2.2891125679016113
Step #897,2.2663021087646484
Step #898,2.312680244445801
Step #899,2.3324673175811768
Step #900,2.264052391052246
Step #901,2.2894749641418457
Step #902,2.3286709785461426
Step #903,2.3578453063964844
Step #904,2.3368420600891113
Step #905,2.3413476943969727
Step #906,2.293656826019287
Step #907,2.3315634727478027
Step #908,2.258256435394287
Step #909,2.3192062377929688
Step #910,2.3060078620910645
Step #911,2.288081645965576
Step #912,2.3071556091308594
Step #913,2.236057758331299
Step #914,2.330374240875244
Step #915,2.3100132942199707
Step #916,2.302156925201416
Step #917,2.3438773155212402
Step #918,2.3024797439575195
Step #919,2.3191399574279785
Step #920,2.2683162689208984
Step #921,2.2773587703704834
Step #922,2.2993574142456055
Step #923,2.354128360748291
Step #924,2.3338756561279297
Step #925,2.330066680908203
Step #926,2.310458183288574
Step #927,2.3104779720306396
Step #928,2.31026029586792
Step #929,2.323789596557617
Step #930,2.266876220703125
Step #931,2.2921345233917236
Step #932,2.330244541168213
Step #933,2.273773670196533
Step #934,2.296113967895508
Step #935,2.31113862991333
Step #936,2.315638542175293
Step #937,2.2807765007019043
Step #938,2.2896714210510254
Step #939,2.318986415863037
Step #940,2.315390110015869
Step #941,2.316845178604126
Step #942,2.2445168495178223
Step #943,2.3301260471343994
Step #944,2.3371145725250244
Step #945,2.25956392288208
Step #946,2.3163719177246094
Step #947,2.31317138671875
Step #948,2.311211109161377
Step #949,2.25728702545166
Step #950,2.3086376190185547
Step #951,2.313000202178955
Step #952,2.276986837387085
Step #953,2.2577500343322754
Step #954,2.298553705215454
Step #955,2.305901050567627
Step #956,2.29828143119812
Step #957,2.30357027053833
Step #958,2.3333628177642822
Step #959,2.304697036743164
Step #960,2.2853126525878906
Step #961,2.331176996231079
Step #962,2.2506957054138184
Step #963,2.3283066749572754
Step #964,2.29068660736084
Step #965,2.331847667694092
Step #966,2.2903308868408203
Step #967,2.2877509593963623
Step #968,2.303475856781006
Step #969,2.3087103366851807
Step #970,2.292318344116211
Step #971,2.290844678878784
Step #972,2.304962158203125
Step #973,2.3146629333496094
Step #974,2.289168357849121
Step #975,2.3292863368988037
Step #976,2.3245368003845215
Step #977,2.27968168258667
Step #978,2.30379581451416
Step #979,2.2947330474853516
Step #980,2.2897274494171143
Step #981,2.291471242904663
Step #982,2.3263723850250244
Step #983,2.308720111846924
Step #984,2.3062753677368164
Step #985,2.2672176361083984
Step #986,2.308262825012207
Step #987,2.312093734741211
Step #988,2.3321409225463867
Step #989,2.2839879989624023
Step #990,2.3113837242126465
Step #991,2.318767547607422
Step #992,2.2859396934509277
Step #993,2.3174803256988525
Step #994,2.329761028289795
Step #995,2.2781033515930176
Step #996,2.2968831062316895
Step #997,2.2515954971313477
Step #998,2.310602903366089
Step #999,2.3153786659240723
Step #1000,2.305105209350586
Step #1001,2.3414199352264404
Step #1002,2.324542999267578
Step #1003,2.293186664581299
Step #1004,2.3452653884887695
Step #1005,2.3352150917053223
Step #1006,2.319456100463867
Step #1007,2.278604030609131
Step #1008,2.273257255554199
Step #1009,2.323162794113159
Step #1010,2.2562878131866455
Step #1011,2.319676399230957
Step #1012,2.2729363441467285
Step #1013,2.3126187324523926
Step #1014,2.3436717987060547
Step #1015,2.330319881439209
Step #1016,2.313164710998535
Step #1017,2.299072265625
Step #1018,2.3025245666503906
Step #1019,2.2911128997802734
Step #1020,2.2858734130859375
Step #1021,2.330301284790039
Step #1022,2.302548885345459
Step #1023,2.2850515842437744
Step #1024,2.332073211669922
Step #1025,2.306643009185791
Step #1026,2.3216490745544434
Step #1027,2.286304235458374
Step #1028,2.2953739166259766
Step #1029,2.276327610015869
Step #1030,2.253081798553467
Step #1031,2.2953531742095947
Step #1032,2.3006646633148193
Step #1033,2.2917957305908203
Step #1034,2.228085517883301
Step #1035,2.2385640144348145
Step #1036,2.3227391242980957
Step #1037,2.302262544631958
Step #1038,2.2995996475219727
Step #1039,2.2972660064697266
Step #1040,2.3030357360839844
Step #1041,2.296614170074463
Step #1042,2.3037633895874023
Step #1043,2.309514045715332
Step #1044,2.3368821144104004
Step #1045,2.336005926132202
Step #1046,2.3018622398376465
Step #1047,2.3133797645568848
Step #1048,2.31022047996521
Step #1049,2.3141427040100098
Step #1050,2.2856571674346924
Step #1051,2.275191307067871
Step #1052,2.2828006744384766
Step #1053,2.3072938919067383
Step #1054,2.303427219390869
Step #1055,2.3049111366271973
Step #1056,2.244990825653076
Step #1057,2.3321521282196045
Step #1058,2.242192029953003
Step #1059,2.309908390045166
Step #1060,2.3060362339019775
Step #1061,2.341179370880127
Step #1062,2.3198394775390625
Step #1063,2.297219753265381
Step #1064,2.3573505878448486
Step #1065,2.289721727371216
Step #1066,2.2956862449645996
Step #1067,2.291598320007324
Step #1068,2.296090602874756
Step #1069,2.3298516273498535
Step #1070,2.326897144317627
Step #1071,2.249354124069214
Step #1072,2.3209915161132812
Step #1073,2.3199644088745117
Step #1074,2.2580270767211914
Step #1075,2.2957050800323486
Step #1076,2.327910900115967
Step #1077,2.271726369857788
Step #1078,2.33365535736084
Step #1079,2.3361124992370605
Step #1080,2.30460786819458
Step #1081,2.2632508277893066
Step #1082,2.2983860969543457
Step #1083,2.2892823219299316
Step #1084,2.333858013153076
Step #1085,2.289872646331787
Step #1086,2.2260799407958984
Step #1087,2.293571949005127
Step #1088,2.2796859741210938
Step #1089,2.2513561248779297
Step #1090,2.3211426734924316
Step #1091,2.344477891921997
Step #1092,2.3014960289001465
Step #1093,2.2866263389587402
Step #1094,2.3160696029663086
Step #1095,2.3194289207458496
Step #1096,2.28834867477417
Step #1097,2.270618200302124
Step #1098,2.3276877403259277
Step #1099,2.303729295730591
Step #1100,2.2812626361846924
Step #1101,2.2801730632781982
Step #1102,2.294977903366089
Step #1103,2.293058395385742
Step #1104,2.311234951019287
Step #1105,2.3110456466674805
Step #1106,2.326282024383545
Step #1107,2.3331475257873535
Step #1108,2.296326160430908
Step #1109,2.3021204471588135
Step #1110,2.2910308837890625
Step #1111,2.3206801414489746
Step #1112,2.32501220703125
Step #1113,2.309159755706787
Step #1114,2.313533306121826
Step #1115,2.31657075881958
Step #1116,2.298975944519043
Step #1117,2.2714529037475586
Step #1118,2.250884771347046
Step #1119,2.274282217025757
Step #1120,2.3120503425598145
Step #1121,2.300450325012207
Step #1122,2.2873215675354004
Step #1123,2.280820369720459
Step #1124,2.289252996444702
Step #1125,2.2965075969696045
Step #1126,2.265989303588867
Step #1127,2.3067126274108887
Step #1128,2.2649781703948975
Step #1129,2.3329033851623535
Step #1130,2.3233652114868164
Step #1131,2.32623291015625
Step #1132,2.3268985748291016
Step #1133,2.3286681175231934
Step #1134,2.3173110485076904
Step #1135,2.297150135040283
Step #1136,2.3081438541412354
Step #1137,2.336533546447754
Step #1138,2.3125274181365967
Step #1139,2.3059020042419434
Step #1140,2.2931697368621826
Step #1141,2.2967934608459473
Step #1142,2.288618564605713
Step #1143,2.2503418922424316
Step #1144,2.2960526943206787
Step #1145,2.2620866298675537
Step #1146,2.27415132522583
Step #1147,2.318225622177124
Step #1148,2.3189239501953125
Step #1149,2.3045804500579834
Step #1150,2.2919037342071533
Step #1151,2.298982620239258
Step #1152,2.292173147201538
Step #1153,2.328367233276367
Step #1154,2.2801895141601562
Step #1155,2.3374557495117188
Step #1156,2.295659303665161
Step #1157,2.25398588180542
Step #1158,2.2760207653045654
Step #1159,2.3251893520355225
Step #1160,2.3338518142700195
Step #1161,2.354619026184082
Step #1162,2.253070116043091
Step #1163,2.2762882709503174
Step #1164,2.340092420578003
Step #1165,2.3105382919311523
Step #1166,2.3292975425720215
Step #1167,2.341128349304199
Step #1168,2.2793853282928467
Step #1169,2.3185746669769287
Step #1170,2.2976574897766113
Step #1171,2.3018810749053955
Step #1172,2.325061559677124
Step #1173,2.2885968685150146
Step #1174,2.3164992332458496
Step #1175,2.3098645210266113
Step #1176,2.3060359954833984
Step #1177,2.285429000854492
Step #1178,2.2895357608795166
Step #1179,2.2864718437194824
Step #1180,2.319390058517456
Step #1181,2.3236136436462402
Step #1182,2.317844867706299
Step #1183,2.330172300338745
Step #1184,2.277268409729004
Step #1185,2.324472427368164
Step #1186,2.271444797515869
Step #1187,2.2864928245544434
Step #1188,2.312950372695923
Step #1189,2.3098716735839844
Step #1190,2.285551071166992
Step #1191,2.342855930328369
Step #1192,2.2601728439331055
Step #1193,2.2955117225646973
Step #1194,2.292670488357544
Step #1195,2.29868745803833
Step #1196,2.2960104942321777
Step #1197,2.325897693634033
Step #1198,2.2901253700256348
Step #1199,2.3235366344451904
Step #1200,2.270381450653076
Step #1201,2.2623867988586426
Step #1202,2.322469711303711
Step #1203,2.2861950397491455
Step #1204,2.300654888153076
Step #1205,2.32220196723938
Step #1206,2.3005051612854004
Step #1207,2.3498802185058594
Step #1208,2.3386287689208984
Step #1209,2.315145492553711
Step #1210,2.281865358352661
Step #1211,2.2523269653320312
Step #1212,2.2787609100341797
Step #1213,2.3386476039886475
Step #1214,2.296506404876709
Step #1215,2.261758804321289
Step #1216,2.331782579421997
Step #1217,2.3549933433532715
Step #1218,2.323688268661499
Step #1219,2.31545352935791
Step #1220,2.3236255645751953
Step #1221,2.30134916305542
Step #1222,2.288503646850586
Step #1223,2.3018243312835693
Step #1224,2.329740524291992
Step #1225,2.3448867797851562
Step #1226,2.3210315704345703
Step #1227,2.297121286392212
Step #1228,2.340453863143921
Step #1229,2.3210396766662598
Step #1230,2.3246829509735107
Step #1231,2.346104145050049
Step #1232,2.3245649337768555
Step #1233,2.312443256378174
Step #1234,2.2652082443237305
Step #1235,2.278499126434326
Step #1236,2.2636842727661133
Step #1237,2.249431848526001
Step #1238,2.3117575645446777
Step #1239,2.2916126251220703
Step #1240,2.302596092224121
Step #1241,2.2996139526367188
Step #1242,2.324988842010498
Step #1243,2.2851526737213135
Step #1244,2.314415693283081
Step #1245,2.3092234134674072
Step #1246,2.348947525024414
Step #1247,2.3521926403045654
Step #1248,2.336860418319702
Step #1249,2.3113555908203125
Step #1250,2.261444091796875
Step #1251,2.336519956588745
Step #1252,2.290518045425415
Step #1253,2.2876925468444824
Step #1254,2.3300018310546875
Step #1255,2.300297737121582
Step #1256,2.308715581893921
Step #1257,2.289559841156006
Step #1258,2.2894198894500732
Step #1259,2.3200395107269287
Step #1260,2.2885777950286865
Step #1261,2.326184034347534
Step #1262,2.294282913208008
Step #1263,2.301485776901245
Step #1264,2.348242998123169
Step #1265,2.3010196685791016
Step #1266,2.3215198516845703
Step #1267,2.32620906829834
Step #1268,2.297536849975586
Step #1269,2.337930202484131
Step #1270,2.3144116401672363
Step #1271,2.323080062866211
Step #1272,2.297337055206299
Step #1273,2.329418182373047
Step #1274,2.3323380947113037
Step #1275,2.2844953536987305
Step #1276,2.2625985145568848
Step #1277,2.3047075271606445
Step #1278,2.3076624870300293
Step #1279,2.2775321006774902
Step #1280,2.3341217041015625
Step #1281,2.2719814777374268
Step #1282,2.2517237663269043
Step #1283,2.3114922046661377
Step #1284,2.2517752647399902
Step #1285,2.279296636581421
Step #1286,2.288055658340454
Step #1287,2.2627711296081543
Step #1288,2.3310086727142334
Step #1289,2.261406660079956
Step #1290,2.3490238189697266
Step #1291,2.297347068786621
Step #1292,2.2804207801818848
Step #1293,2.3304848670959473
Step #1294,2.3050036430358887
Step #1295,2.26778507232666
Step #1296,2.33461332321167
Step #1297,2.279794216156006
Step #1298,2.2874202728271484
Step #1299,2.3078088760375977
Step #1300,2.3189504146575928
Step #1301,2.2835891246795654
Step #1302,2.2809767723083496
Step #1303,2.30302095413208
Step #1304,2.237178325653076
Step #1305,2.328092575073242
Step #1306,2.2987077236175537
Step #1307,2.316047191619873
Step #1308,2.317486524581909
Step #1309,2.2816333770751953
Step #1310,2.333970546722412
Step #1311,2.2597908973693848
Step #1312,2.2933599948883057
Step #1313,2.2701191902160645
Step #1314,2.263364315032959
Step #1315,2.296187400817871
Step #1316,2.3093128204345703
Step #1317,2.3039493560791016
Step #1318,2.275394916534424
Step #1319,2.3135857582092285
Step #1320,2.3523550033569336
Step #1321,2.3241591453552246
Step #1322,2.303773880004883
Step #1323,2.2507071495056152
Step #1324,2.3326644897460938
Step #1325,2.3128483295440674
Step #1326,2.304995059967041
Step #1327,2.318103790283203
Step #1328,2.3485069274902344
Step #1329,2.3189353942871094
Step #1330,2.3317832946777344
Step #1331,2.307065010070801
Step #1332,2.311048746109009
Step #1333,2.3017334938049316
Step #1334,2.328282117843628
Step #1335,2.303529739379883
Step #1336,2.2879629135131836
Step #1337,2.269474744796753
Step #1338,2.30318021774292
Step #1339,2.3391714096069336
Step #1340,2.3161792755126953
Step #1341,2.3068675994873047
Step #1342,2.330857276916504
Step #1343,2.259795665740967
Step #1344,2.2603530883789062
Step #1345,2.294865131378174
Step #1346,2.2591452598571777
Step #1347,2.3370602130889893
Step #1348,2.281935453414917
Step #1349,2.2971413135528564
Step #1350,2.2783126831054688
Step #1351,2.272108554840088
Step #1352,2.286541223526001
Step #1353,2.311471462249756
Step #1354,2.300438404083252
Step #1355,2.306222677230835
Step #1356,2.317471504211426
Step #1357,2.283827304840088
Step #1358,2.2951602935791016
Step #1359,2.3417491912841797
Step #1360,2.3019843101501465
Step #1361,2.302492380142212
Step #1362,2.3250234127044678
Step #1363,2.3224713802337646
Step #1364,2.318354845046997
Step #1365,2.3456406593322754
Step #1366,2.319399118423462
Step #1367,2.2981204986572266
Step #1368,2.307048797607422
Step #1369,2.316006660461426
Step #1370,2.273869276046753
Step #1371,2.345770835876465
Step #1372,2.2865970134735107
Step #1373,2.296363353729248
Step #1374,2.291996717453003
Step #1375,2.333310604095459
