step,gpu_util,cpu_util,gpu_mem_gb,cpu_mem_gb,ram_gb,io_read_gb,io_write_gb
1,18,0.0,1.781334016,4.780916736,16.37685248,0.014258176,0.0
2,18,0.0,1.781334016,4.77999104,16.376070144,0.018251776,0.0
3,11,0.0,1.781334016,4.780343296,16.375037952,0.022216704,0.0
4,11,0.0,1.781334016,4.780613632,16.374976512,0.026144768,0.0
5,71,0.0,1.781334016,4.779421696,16.375492608,0.030121984,0.0
6,71,0.0,1.781334016,4.77956096,16.375750656,0.03403776,0.0
7,71,0.0,1.781334016,4.779462656,16.37523456,0.037961728,0.0
8,76,0.0,1.781334016,4.779925504,16.374976512,0.041857024,0.0
9,76,0.0,1.781334016,4.78007296,16.374976512,0.045797376,0.0
10,76,0.0,1.781334016,4.78038016,16.374607872,0.04970496,0.0
11,71,0.0,1.781334016,4.780228608,16.374607872,0.053608448,0.0
12,71,0.0,1.781334016,4.779667456,16.374546432,0.05750784,0.0
13,71,3169.4,1.781334016,4.77923328,16.374546432,0.06141952,0.0
14,69,0.0,1.781334016,4.77906944,16.374546432,0.065368064,0.0
15,69,0.0,1.781334016,4.779728896,16.374546432,0.069246976,0.0
16,72,0.0,1.781334016,4.779388928,16.374546432,0.073166848,0.0
17,72,0.0,1.781334016,4.778364928,16.375001088,0.07708672,0.0
18,72,0.0,1.781334016,4.778196992,16.374194176,0.080990208,0.0
19,78,0.0,1.781334016,4.778102784,16.374194176,0.084897792,0.0
20,78,0.0,1.781334016,4.778840064,16.37367808,0.088838144,0.0
21,78,0.0,1.781334016,4.777877504,16.37367808,0.09271296,0.0
22,70,0.0,1.781334016,4.779085824,16.373936128,0.096600064,0.0
23,70,0.0,1.781334016,4.777979904,16.373936128,0.100507648,0.0
24,70,0.0,1.781334016,4.77878272,16.37367808,0.104402944,0.0
25,72,0.0,1.781334016,4.778672128,16.373936128,0.108335104,0.0
26,72,0.0,1.781334016,4.77724672,16.373936128,0.112238592,0.0
27,72,0.0,1.781334016,4.777119744,16.373936128,0.116129792,0.0
28,71,0.0,1.781334016,4.778123264,16.373936128,0.120057856,0.0
29,71,0.0,1.781334016,4.77759488,16.373936128,0.123981824,0.0
30,74,0.0,1.781334016,4.777484288,16.373936128,0.127922176,0.0
31,74,0.0,1.781334016,4.777586688,16.373420032,0.131801088,0.0
32,74,0.0,1.781334016,4.777279488,16.373522432,0.135651328,0.0
33,76,0.0,1.781334016,4.777930752,16.373522432,0.139546624,0.0
34,76,0.0,1.781334016,4.777050112,16.373522432,0.143474688,0.0
35,76,0.0,1.781334016,4.777009152,16.373264384,0.147382272,0.0
36,70,0.0,1.781334016,4.777750528,16.373264384,0.151293952,0.0
37,70,0.0,1.781334016,4.77800448,16.373264384,0.155172864,0.0
38,70,0.0,1.781334016,4.776677376,16.373264384,0.159084544,0.0
39,71,0.0,1.781334016,4.776767488,16.373264384,0.16297984,0.0
40,71,0.0,1.781334016,4.77667328,16.37216256,0.166912,0.0
41,71,0.0,1.781334016,4.776845312,16.37216256,0.170799104,0.0
42,71,0.0,1.781334016,4.777197568,16.37216256,0.174682112,0.0
43,71,0.0,1.781334016,4.777365504,16.371871744,0.178630656,0.0
44,77,0.0,1.781334016,4.777066496,16.372129792,0.182550528,0.0
45,77,0.0,1.781334016,4.775542784,16.37238784,0.186486784,0.0
46,77,0.0,1.781334016,4.775862272,16.372129792,0.190377984,0.0
47,70,0.0,1.781334016,4.776513536,16.37238784,0.194289664,0.0
48,70,0.0,1.781334016,4.776361984,16.372355072,0.19820544,0.0
49,70,0.0,1.781334016,4.776095744,16.372097024,0.20211712,0.0
50,71,0.0,1.781334016,4.776697856,16.371838976,0.206032896,0.0
51,71,0.0,1.781334016,4.776218624,16.371838976,0.20989952,0.0
52,71,0.0,1.781334016,4.776292352,16.372035584,0.213827584,0.0
53,71,0.0,1.781334016,4.774690816,16.372035584,0.217686016,0.0
54,71,0.0,1.781334016,4.775809024,16.372035584,0.221601792,0.0
55,79,0.0,1.781334016,4.774977536,16.372293632,0.225570816,0.0
56,79,0.0,1.781334016,4.775600128,16.372809728,0.2294784,0.0
57,79,0.0,1.781334016,4.775391232,16.372809728,0.233365504,0.0
58,72,0.0,1.781334016,4.774121472,16.372809728,0.237248512,0.0
59,72,0.0,1.781334016,4.774641664,16.37277696,0.241160192,0.0
60,72,0.0,1.781334016,4.77417472,16.372486144,0.245010432,0.0
61,69,0.0,1.781334016,4.774080512,16.372228096,0.24897536,0.0
62,69,0.0,1.781334016,4.775272448,16.372228096,0.25286656,0.0
63,72,0.0,1.781334016,4.775317504,16.372228096,0.25677824,0.0
64,72,0.0,1.781334016,4.773490688,16.372166656,0.26068992,0.0
65,72,0.0,1.781334016,4.773597184,16.372166656,0.26456064,0.0
66,76,0.0,1.781334016,4.774989824,16.371908608,0.268505088,0.0
67,76,0.0,1.781334016,4.77497344,16.372363264,0.272396288,0.0
68,76,0.0,1.781334016,4.774199296,16.372072448,0.276242432,0.0
69,73,0.0,1.781334016,4.773941248,16.372072448,0.280076288,0.0
70,73,0.0,1.781334016,4.773814272,16.372072448,0.284004352,0.0
71,73,0.0,1.781334016,4.774490112,16.372072448,0.287870976,0.0
72,70,0.0,1.781334016,4.773552128,16.372072448,0.291770368,0.0
73,70,0.0,1.781334016,4.774305792,16.372072448,0.295620608,0.0
74,70,0.0,1.781334016,4.774199296,16.37203968,0.299487232,0.0
75,71,0.0,1.781334016,4.774125568,16.37203968,0.303403008,0.0
76,71,0.0,1.781334016,4.773134336,16.37203968,0.307277824,0.0
77,75,0.0,1.781334016,4.772458496,16.372555776,0.311123968,0.0
78,75,0.0,1.781334016,4.773163008,16.372494336,0.314986496,0.0
79,75,0.0,1.781334016,4.773855232,16.372494336,0.318767104,0.0
80,78,0.0,1.781334016,4.773404672,16.372719616,0.322633728,0.0
81,78,0.0,1.781334016,4.7736832,16.372719616,0.326483968,0.0
82,78,3319.7,1.781334016,4.773421056,16.372686848,0.330358784,0.0
83,72,0.0,1.781334016,4.77216768,16.372686848,0.334221312,0.0
84,72,0.0,1.781334016,4.773863424,16.3724288,0.338100224,0.0
85,72,0.0,1.781334016,4.77329408,16.3724288,0.342007808,0.0
86,72,3292.7,1.781334016,4.77364224,16.372686848,0.34588672,0.0
87,72,0.0,1.781334016,4.773322752,16.3724288,0.349761536,0.0
88,70,0.0,1.781334016,4.771315712,16.372396032,0.353673216,0.0
89,70,0.0,1.781334016,4.773310464,16.372396032,0.357511168,0.0
90,70,0.0,1.781334016,4.772872192,16.372396032,0.361394176,0.0
91,78,0.0,1.781334016,4.77212672,16.372137984,0.365232128,0.0
92,78,0.0,1.781334016,4.772777984,16.372137984,0.369156096,0.0
93,78,0.0,1.781334016,4.772933632,16.372850688,0.373018624,0.0
94,76,0.0,1.781334016,4.77251584,16.37281792,0.37691392,0.0
95,76,0.0,1.781334016,4.772519936,16.372559872,0.380760064,0.0
96,76,0.0,1.781334016,4.771602432,16.372498432,0.384589824,0.0
97,71,0.0,1.781334016,4.77175808,16.372498432,0.388489216,0.0
98,71,0.0,1.781334016,4.771926016,16.372498432,0.392318976,0.0
99,71,0.0,1.781334016,4.77227008,16.372498432,0.396169216,0.0
100,74,0.0,1.781334016,4.771434496,16.372465664,0.400089088,0.0
101,74,0.0,1.781334016,4.771110912,16.372723712,0.403922944,0.0
102,74,0.0,1.781334016,4.77138944,16.372723712,0.407814144,0.0
103,73,0.0,1.781334016,4.772155392,16.372723712,0.41168896,0.0
104,73,0.0,1.781334016,4.771995648,16.372723712,0.415592448,0.0
105,75,0.0,1.781334016,4.770807808,16.372723712,0.419418112,0.0
106,75,0.0,1.781334016,4.770807808,16.372723712,0.423325696,0.0
107,75,0.0,1.781334016,4.771074048,16.372723712,0.427143168,0.0
108,78,0.0,1.781334016,4.77165568,16.37298176,0.431054848,0.0
109,78,0.0,1.781334016,4.770643968,16.373178368,0.434905088,0.0
110,78,0.0,1.781334016,4.771377152,16.373178368,0.43880448,0.0
111,72,0.0,1.781334016,4.771094528,16.3731456,0.442630144,0.0
112,72,0.0,1.781334016,4.770803712,16.3731456,0.446570496,0.0
113,72,0.0,1.781334016,4.770992128,16.373112832,0.45047808,0.0
114,69,0.0,1.781334016,4.77095936,16.373112832,0.45432832,0.0
115,69,0.0,1.781334016,4.770304,16.373112832,0.458256384,0.0
116,70,0.0,1.781334016,4.769386496,16.373112832,0.46215168,0.0
117,70,0.0,1.781334016,4.770717696,16.373112832,0.466006016,0.0
118,70,0.0,1.781334016,4.769746944,16.372596736,0.469880832,0.0
119,79,0.0,1.781334016,4.769906688,16.372596736,0.473776128,0.0
120,79,0.0,1.781334016,4.769329152,16.372822016,0.477687808,0.0
121,79,0.0,1.781334016,4.770807808,16.37230592,0.481562624,0.0
122,77,0.0,1.781334016,4.769701888,16.3725312,0.485482496,0.0
123,77,0.0,1.781334016,4.770271232,16.3725312,0.489316352,0.0
124,77,0.0,1.781334016,4.7689728,16.3725312,0.49319936,0.0
125,72,0.0,1.781334016,4.769447936,16.372498432,0.497074176,0.0
126,72,0.0,1.781334016,4.769742848,16.372432896,0.500977664,0.0
127,72,0.0,1.781334016,4.770291712,16.372432896,0.50481152,0.0
128,73,0.0,1.781334016,4.770234368,16.3719168,0.508678144,0.0
129,73,0.0,1.781334016,4.768006144,16.371658752,0.51253248,0.0
130,73,0.0,1.781334016,4.769357824,16.371658752,0.516407296,0.0
131,74,0.0,1.781334016,4.769050624,16.371658752,0.520318976,0.0
132,74,0.0,1.781334016,4.76944384,16.371658752,0.524197888,0.0
133,72,0.0,1.781334016,4.768395264,16.371658752,0.528052224,0.0
134,72,0.0,1.781334016,4.768034816,16.371658752,0.531922944,0.0
135,72,0.0,1.781334016,4.769394688,16.371658752,0.53579776,0.0
136,79,0.0,1.781334016,4.769562624,16.371658752,0.53966848,0.0
137,79,0.0,1.781334016,4.769247232,16.371625984,0.543535104,0.0
138,79,0.0,1.781334016,4.768284672,16.371625984,0.547385344,0.0
139,73,0.0,1.781334016,4.769161216,16.371625984,0.55128064,0.0
140,73,0.0,1.781334016,4.769202176,16.371625984,0.555159552,0.0
141,73,0.0,1.781334016,4.767895552,16.371593216,0.558985216,0.0
142,72,0.0,1.781334016,4.767735808,16.371851264,0.562900992,0.0
143,72,0.0,1.781334016,4.768903168,16.372211712,0.56672256,0.0
144,72,0.0,1.781334016,4.768894976,16.37246976,0.570609664,0.0
145,73,0.0,1.781334016,4.768714752,16.372727808,0.574439424,0.0
146,73,0.0,1.781334016,4.768944128,16.372985856,0.578338816,0.0
147,73,0.0,1.781334016,4.767973376,16.372985856,0.58216448,0.0
148,71,0.0,1.781334016,4.768272384,16.372985856,0.586022912,0.0
149,71,0.0,1.781334016,4.768251904,16.372985856,0.589934592,0.0
150,79,0.0,1.781334016,4.768854016,16.372985856,0.593793024,0.0
151,79,0.0,1.781334016,4.767916032,16.372985856,0.5976064,0.0
152,79,0.0,1.781334016,4.768526336,16.372985856,0.601485312,0.0
153,72,0.0,1.781334016,4.7674368,16.372953088,0.605401088,0.0
154,72,0.0,1.781334016,4.768305152,16.372953088,0.609255424,0.0
155,72,0.0,1.781334016,4.768628736,16.37292032,0.613167104,0.0
156,73,0.0,1.781334016,4.767326208,16.37292032,0.617050112,0.0
157,73,0.0,1.781334016,4.768083968,16.37292032,0.620916736,0.0
158,73,0.0,1.781334016,4.768079872,16.372662272,0.62476288,0.0
159,73,0.0,1.781334016,4.766941184,16.372662272,0.628609024,0.0
160,73,0.0,1.781334016,4.767821824,16.372662272,0.632451072,0.0
161,73,0.0,1.781334016,4.766773248,16.372662272,0.63635456,0.0
162,75,0.0,1.781334016,4.766629888,16.372662272,0.640180224,0.0
163,75,0.0,1.781334016,4.76747776,16.372662272,0.644005888,0.0
164,79,0.0,1.781334016,4.7670272,16.37285888,0.64786432,0.0
165,79,0.0,1.781334016,4.76700672,16.372826112,0.651812864,0.0
166,79,0.0,1.781334016,4.766998528,16.372826112,0.655671296,0.0
167,74,0.0,1.781334016,4.76684288,16.37308416,0.659550208,0.0
168,74,0.0,1.781334016,4.76731392,16.373051392,0.663384064,0.0
169,74,0.0,1.781334016,4.766060544,16.373047296,0.667213824,0.0
170,72,0.0,1.781334016,4.766183424,16.373243904,0.67106816,0.0
171,72,0.0,1.781334016,4.765835264,16.372953088,0.674942976,0.0
172,72,0.0,1.781334016,4.766531584,16.372436992,0.6788096,0.0
173,74,0.0,1.781334016,4.766339072,16.372436992,0.682688512,0.0
174,74,0.0,1.781334016,4.766859264,16.372953088,0.686534656,0.0
175,74,0.0,1.781334016,4.766253056,16.372953088,0.690434048,0.0
176,72,0.0,1.781334016,4.766302208,16.372953088,0.694300672,0.0
177,72,0.0,1.781334016,4.766609408,16.372953088,0.698195968,0.0
178,78,0.0,1.781334016,4.76475392,16.37292032,0.702042112,0.0
179,78,3254.7,1.781334016,4.764954624,16.37292032,0.705900544,0.0
180,78,0.0,1.781334016,4.76598272,16.37292032,0.709730304,0.0
181,74,0.0,1.781334016,4.765216768,16.37292032,0.713633792,0.0
182,74,0.0,1.781334016,4.765294592,16.373116928,0.717459456,0.0
183,74,0.0,1.781334016,4.766306304,16.373116928,0.721342464,0.0
184,73,0.0,1.781334016,4.765773824,16.37308416,0.725172224,0.0
185,73,0.0,1.781334016,4.765683712,16.37308416,0.729063424,0.0
186,73,0.0,1.781334016,4.765519872,16.37308416,0.73291776,0.0
187,73,0.0,1.781334016,4.76553216,16.37308416,0.736743424,0.0
188,73,0.0,1.781334016,4.764581888,16.373051392,0.740630528,0.0
189,73,0.0,1.781334016,4.764741632,16.373051392,0.744456192,0.0
190,72,0.0,1.781334016,4.764848128,16.373051392,0.748326912,0.0
191,72,0.0,1.781334016,4.765741056,16.373051392,0.752164864,0.0
192,80,0.0,1.781334016,4.765704192,16.372760576,0.756011008,0.0
193,80,0.0,1.781334016,4.764901376,16.372502528,0.759902208,0.0
194,80,0.0,1.781334016,4.764672,16.372502528,0.763707392,0.0
195,56,0.0,1.781334016,4.765433856,16.371986432,0.767594496,0.0
196,56,0.0,1.781334016,4.764352512,16.371728384,0.771469312,0.0
197,56,0.0,1.781334016,4.764471296,16.371728384,0.775348224,0.0
198,75,0.0,1.781334016,4.764680192,16.371986432,0.779206656,0.0
199,75,0.0,1.781334016,4.764471296,16.371695616,0.78301184,0.0
200,75,0.0,1.781334016,4.764741632,16.371892224,0.786837504,0.0
201,75,0.0,1.781334016,4.764762112,16.37240832,0.790700032,0.0
202,75,0.0,1.781334016,4.76454912,16.3726336,0.794574848,0.0
203,69,0.0,1.781334016,4.765401088,16.373149696,0.798441472,0.0
204,69,0.0,1.781334016,4.763070464,16.3726336,0.802295808,0.0
205,69,0.0,1.781334016,4.76424192,16.373149696,0.80613376,0.0
206,73,0.0,1.781334016,4.763967488,16.373149696,0.809996288,0.0
207,73,0.0,1.781334016,4.762800128,16.373374976,0.813862912,0.0
208,73,0.0,1.781334016,4.763119616,16.373374976,0.817696768,0.0
209,73,0.0,1.781334016,4.763418624,16.373374976,0.8215552,0.0
210,73,0.0,1.781334016,4.764639232,16.373342208,0.82538496,0.0
211,79,0.0,1.781334016,4.762107904,16.373342208,0.82921472,0.0
212,79,0.0,1.781334016,4.764041216,16.37308416,0.833077248,0.0
213,79,0.0,1.781334016,4.762894336,16.37308416,0.836952064,0.0
214,74,0.0,1.781334016,4.762873856,16.37308416,0.840769536,0.0
215,74,0.0,1.781334016,4.762628096,16.373280768,0.844607488,0.0
216,74,0.0,1.781334016,4.76360704,16.373280768,0.848420864,0.0
217,75,0.0,1.781334016,4.76305408,16.37302272,0.852283392,0.0
218,75,3238.9,1.781334016,4.763189248,16.37302272,0.85614592,0.0
219,75,0.0,1.781334016,4.762423296,16.372957184,0.859987968,0.0
220,73,0.0,1.781334016,4.763123712,16.372957184,0.863793152,0.0
221,73,0.0,1.781334016,4.762935296,16.372957184,0.8676352,0.0
222,73,0.0,1.781334016,4.762042368,16.372957184,0.871501824,0.0
223,74,0.0,1.781334016,4.763250688,16.372957184,0.875331584,0.0
224,74,0.0,1.781334016,4.76295168,16.373215232,0.87918592,0.0
225,74,0.0,1.781334016,4.763086848,16.373182464,0.883007488,0.0
226,76,0.0,1.781334016,4.761698304,16.372924416,0.88684544,0.0
227,76,0.0,1.781334016,4.7619072,16.372924416,0.890683392,0.0
228,79,0.0,1.781334016,4.762001408,16.373182464,0.894509056,0.0
229,79,0.0,1.781334016,4.763070464,16.373182464,0.898322432,0.0
230,79,0.0,1.781334016,4.761341952,16.373379072,0.90216448,0.0
231,73,0.0,1.781334016,4.76178432,16.373055488,0.906031104,0.0
232,73,0.0,1.781334016,4.762783744,16.373055488,0.909873152,0.0
233,73,0.0,1.781334016,4.762554368,16.372764672,0.913772544,0.0
234,74,0.0,1.781334016,4.761591808,16.372506624,0.917671936,0.0
235,74,0.0,1.781334016,4.761341952,16.372506624,0.92147712,0.0
236,74,0.0,1.781334016,4.761669632,16.372248576,0.925319168,0.0
237,73,0.0,1.781334016,4.762525696,16.372248576,0.929128448,0.0
238,73,0.0,1.781334016,4.76203008,16.372764672,0.932929536,0.0
239,73,0.0,1.781334016,4.760948736,16.372731904,0.936738816,0.0
240,74,0.0,1.781334016,4.761657344,16.372731904,0.940560384,0.0
241,74,0.0,1.781334016,4.760899584,16.372731904,0.944377856,0.0
242,74,0.0,1.781334016,4.761116672,16.372731904,0.948195328,0.0
243,77,0.0,1.781334016,4.762329088,16.372731904,0.952049664,0.0
244,77,0.0,1.781334016,4.762120192,16.372731904,0.955830272,0.0
245,79,0.0,1.781334016,4.76114944,16.372412416,0.959746048,0.0
246,79,0.0,1.781334016,4.761198592,16.372412416,0.963592192,0.0
247,79,0.0,1.781334016,4.761464832,16.372154368,0.96745472,0.0
248,72,0.0,1.781334016,4.761452544,16.372867072,0.971280384,0.0
249,72,0.0,1.781334016,4.760383488,16.372867072,0.975167488,0.0
250,72,0.0,1.781334016,4.760715264,16.372867072,0.979009536,0.0
251,74,0.0,1.781334016,4.760715264,16.372867072,0.982867968,0.0
252,74,0.0,1.781334016,4.76131328,16.372834304,0.986673152,0.0
253,74,3137.3,1.781334016,4.760969216,16.372834304,0.990564352,0.0
254,74,0.0,1.781334016,4.761264128,16.372834304,0.994430976,0.0
255,74,0.0,1.781334016,4.759740416,16.372801536,0.998281216,0.0
256,74,0.0,1.781334016,4.761014272,16.372801536,1.002090496,0.0
257,72,0.0,1.781334016,4.761092096,16.372801536,1.005903872,0.0
258,72,0.0,1.781334016,4.760653824,16.372801536,1.00974592,0.0
259,79,0.0,1.781334016,4.759506944,16.372801536,1.013551104,0.0
260,79,0.0,1.781334016,4.759519232,16.372768768,1.017438208,0.0
261,79,0.0,1.781334016,4.759977984,16.373284864,1.021292544,0.0
262,74,0.0,1.781334016,4.760252416,16.373542912,1.02514688,0.0
263,74,0.0,1.781334016,4.76094464,16.373510144,1.028947968,0.0
264,74,0.0,1.781334016,4.761264128,16.373510144,1.032839168,0.0
265,71,0.0,1.781334016,4.760764416,16.373477376,1.036640256,0.0
266,71,0.0,1.781334016,4.76049408,16.373219328,1.040510976,0.0
267,71,0.0,1.781334016,4.75938816,16.373219328,1.044369408,0.0
268,72,0.0,1.781334016,4.760100864,16.373219328,1.048174592,0.0
269,72,0.0,1.781334016,4.760825856,16.373219328,1.052008448,0.0
270,72,0.0,1.781334016,4.760354816,16.373219328,1.055862784,0.0
271,76,0.0,1.781334016,4.759748608,16.373219328,1.05965568,0.0
272,76,0.0,1.781334016,4.760064,16.37296128,1.063489536,0.0
273,78,0.0,1.781334016,4.759965696,16.373157888,1.067347968,0.0
274,78,3263.2,1.781334016,4.759310336,16.372641792,1.071181824,0.0
275,78,0.0,1.781334016,4.759990272,16.372641792,1.074982912,0.0
276,74,0.0,1.781334016,4.75904,16.373096448,1.078861824,0.0
277,74,3168.0,1.781334016,4.759957504,16.373293056,1.08269568,0.0
278,74,0.0,1.781334016,4.759826432,16.373293056,1.086496768,0.0
279,74,0.0,1.781334016,4.759580672,16.37277696,1.090363392,0.0
280,74,0.0,1.781334016,4.759240704,16.372973568,1.094213632,0.0
281,74,0.0,1.781334016,4.759650304,16.372973568,1.09805568,0.0
282,72,3265.5,1.781334016,4.759678976,16.37271552,1.101938688,0.0
283,72,0.0,1.781334016,4.758454272,16.372457472,1.105772544,0.0
284,72,0.0,1.781334016,4.759207936,16.372199424,1.109639168,0.0
285,74,0.0,1.781334016,4.759781376,16.372199424,1.113440256,0.0
286,74,0.0,1.781334016,4.758093824,16.372199424,1.117298688,0.0
287,74,0.0,1.781334016,4.758528,16.372199424,1.121132544,0.0
288,80,0.0,1.781334016,4.75826176,16.37271552,1.125011456,0.0
289,80,3296.3,1.781334016,4.759035904,16.373137408,1.128820736,0.0
290,75,0.0,1.781334016,4.758622208,16.37287936,1.132654592,0.0
291,75,0.0,1.781334016,4.757987328,16.37310464,1.136488448,0.0
292,75,0.0,1.781334016,4.757786624,16.373071872,1.140371456,0.0
293,74,0.0,1.781334016,4.75875328,16.373071872,1.14423808,0.0
294,74,0.0,1.781334016,4.75830272,16.372813824,1.14808832,0.0
295,74,0.0,1.781334016,4.759003136,16.372813824,1.151885312,0.0
296,75,0.0,1.781334016,4.757839872,16.372555776,1.155719168,0.0
297,75,0.0,1.781334016,4.75758592,16.372555776,1.159553024,0.0
298,75,0.0,1.781334016,4.758192128,16.372555776,1.16338688,0.0
299,75,0.0,1.781334016,4.758048768,16.372297728,1.16723712,0.0
300,75,0.0,1.781334016,4.75779072,16.37203968,1.171120128,0.0
301,75,0.0,1.781334016,4.758470656,16.37203968,1.174970368,0.0
302,76,0.0,1.781334016,4.756754432,16.37203968,1.178804224,0.0
303,76,0.0,1.781334016,4.757950464,16.372555776,1.18263808,0.0
304,79,0.0,1.781334016,4.75813888,16.372748288,1.186500608,0.0
305,79,0.0,1.781334016,4.75777024,16.371912704,1.190367232,0.0
306,79,0.0,1.781334016,4.75652096,16.371912704,1.19422976,0.0
307,72,0.0,1.781334016,4.75660288,16.372170752,1.198030848,0.0
308,72,0.0,1.781334016,4.757233664,16.372170752,1.201885184,0.0
309,72,0.0,1.781334016,4.756434944,16.372137984,1.20571904,0.0
310,74,0.0,1.781334016,4.757438464,16.37265408,1.209626624,0.0
311,74,0.0,1.781334016,4.758122496,16.37265408,1.213476864,0.0
312,74,0.0,1.781334016,4.75762688,16.372912128,1.217294336,0.0
313,74,0.0,1.781334016,4.756455424,16.372912128,1.221173248,0.0
314,74,0.0,1.781334016,4.757475328,16.373170176,1.225039872,0.0
315,74,0.0,1.781334016,4.756054016,16.373170176,1.228873728,0.0
316,73,0.0,1.781334016,4.756676608,16.373137408,1.232707584,0.0
317,73,0.0,1.781334016,4.756262912,16.373137408,1.236508672,0.0
318,73,0.0,1.781334016,4.756504576,16.372621312,1.240375296,0.0
319,80,0.0,1.781334016,4.755841024,16.372621312,1.244209152,0.0
320,80,0.0,1.781334016,4.756250624,16.37287936,1.248043008,0.0
321,74,0.0,1.781334016,4.756537344,16.372363264,1.251844096,0.0
322,74,0.0,1.781334016,4.755423232,16.372363264,1.255677952,0.0
323,74,0.0,1.781334016,4.755124224,16.372559872,1.25956096,0.0
324,73,0.0,1.781334016,4.754980864,16.372559872,1.263427584,0.0
325,73,0.0,1.781334016,4.755447808,16.372559872,1.267228672,0.0
326,73,0.0,1.781334016,4.755132416,16.372527104,1.271087104,0.0
327,74,0.0,1.781334016,4.755857408,16.372527104,1.274953728,0.0
328,74,0.0,1.781334016,4.754948096,16.372527104,1.278787584,0.0
329,74,0.0,1.781334016,4.755042304,16.372752384,1.28268288,0.0
330,74,0.0,1.781334016,4.75502592,16.373010432,1.286545408,0.0
331,74,0.0,1.781334016,4.755832832,16.373010432,1.290346496,0.0
332,74,0.0,1.781334016,4.755857408,16.373010432,1.294180352,0.0
333,80,0.0,1.781334016,4.754624512,16.372977664,1.298014208,0.0
334,80,0.0,1.781334016,4.755750912,16.372977664,1.301839872,0.0
335,76,0.0,1.781334016,4.754735104,16.37349376,1.305731072,0.0
336,76,0.0,1.781334016,4.754812928,16.37349376,1.309564928,0.0
337,76,0.0,1.781334016,4.754415616,16.373751808,1.313366016,0.0
338,73,0.0,1.781334016,4.754026496,16.373977088,1.317199872,0.0
339,73,0.0,1.781334016,4.75428864,16.3736576,1.321033728,0.0
340,73,0.0,1.781334016,4.753248256,16.373624832,1.324834816,0.0
341,75,0.0,1.781334016,4.755034112,16.373624832,1.328668672,0.0
342,75,0.0,1.781334016,4.754796544,16.373366784,1.3325312,0.0
343,75,0.0,1.781334016,4.754419712,16.37259264,1.336365056,0.0
344,74,0.0,1.781334016,4.753985536,16.372559872,1.340198912,0.0
345,74,3218.9,1.781334016,4.753485824,16.372559872,1.34406144,0.0
346,74,0.0,1.781334016,4.753014784,16.372498432,1.347895296,0.0
347,77,0.0,1.781334016,4.75455488,16.372498432,1.35172096,0.0
348,77,0.0,1.781334016,4.75480064,16.372498432,1.355554816,0.0
349,78,0.0,1.781334016,4.753440768,16.372498432,1.35942144,0.0
350,78,0.0,1.781334016,4.754272256,16.372498432,1.363275776,0.0
351,78,0.0,1.781334016,4.752277504,16.372498432,1.367138304,0.0
352,73,0.0,1.781334016,4.754251776,16.372498432,1.37097216,0.0
353,73,0.0,1.781334016,4.752351232,16.372723712,1.374806016,0.0
354,73,0.0,1.781334016,4.7538176,16.373239808,1.378668544,0.0
355,75,0.0,1.781334016,4.753883136,16.37298176,1.38252288,0.0
356,75,0.0,1.781334016,4.75357184,16.37298176,1.38637312,0.0
357,75,0.0,1.781334016,4.754141184,16.37298176,1.390174208,0.0
358,73,0.0,1.781334016,4.75328512,16.372948992,1.3940736,0.0
359,73,0.0,1.781334016,4.753424384,16.372948992,1.397907456,0.0
360,73,0.0,1.781334016,4.75301888,16.372948992,1.401741312,0.0
361,74,0.0,1.781334016,4.753416192,16.373112832,1.405558784,0.0
362,74,0.0,1.781334016,4.752519168,16.373112832,1.409409024,0.0
363,74,0.0,1.781334016,4.753895424,16.373112832,1.41326336,0.0
364,80,0.0,1.781334016,4.7536128,16.372854784,1.417097216,0.0
365,80,0.0,1.781334016,4.752642048,16.372854784,1.42096384,0.0
366,72,0.0,1.781334016,4.753371136,16.372596736,1.424797696,0.0
367,72,0.0,1.781334016,4.753567744,16.372535296,1.428598784,0.0
368,72,0.0,1.781334016,4.752883712,16.372793344,1.43243264,0.0
369,74,0.0,1.781334016,4.752969728,16.372793344,1.436291072,0.0
370,74,0.0,1.781334016,4.752719872,16.372215808,1.44009216,0.0
371,74,0.0,1.781334016,4.753158144,16.372731904,1.44400384,0.0
372,73,0.0,1.781334016,4.753190912,16.372473856,1.447837696,0.0
373,73,0.0,1.781334016,4.752347136,16.372473856,1.451671552,0.0
374,73,0.0,1.781334016,4.752887808,16.372957184,1.455505408,0.0
375,75,0.0,1.781334016,4.751847424,16.372957184,1.459339264,0.0
376,75,0.0,1.781334016,4.75252736,16.372957184,1.46317312,0.0
377,75,0.0,1.781334016,4.752560128,16.372957184,1.467031552,0.0
378,80,0.0,1.781334016,4.751556608,16.372957184,1.47083264,0.0
379,80,0.0,1.781334016,4.752195584,16.372699136,1.474691072,0.0
380,74,0.0,1.781334016,4.752416768,16.372699136,1.47849216,0.0
381,74,0.0,1.781334016,4.752044032,16.372441088,1.482350592,0.0
382,74,0.0,1.781334016,4.752740352,16.372441088,1.486184448,0.0
383,74,0.0,1.781334016,4.75076608,16.372441088,1.49004288,0.0
384,74,0.0,1.781334016,4.751998976,16.372637696,1.493876736,0.0
385,74,0.0,1.781334016,4.752297984,16.373579776,1.497710592,0.0
386,73,0.0,1.781334016,4.751654912,16.373579776,1.501544448,0.0
387,73,0.0,1.781334016,4.7515648,16.373579776,1.505378304,0.0
388,73,0.0,1.781334016,4.750798848,16.37351424,1.50921216,0.0
389,74,0.0,1.781334016,4.75123712,16.373997568,1.513013248,0.0
390,74,0.0,1.781334016,4.751450112,16.373997568,1.516847104,0.0
391,74,0.0,1.781334016,4.751753216,16.373997568,1.52068096,0.0
392,80,0.0,1.781334016,4.750368768,16.37373952,1.524535296,0.0
393,80,3271.3,1.781334016,4.750106624,16.373481472,1.528373248,0.0
394,75,0.0,1.781334016,4.750573568,16.373223424,1.53219072,0.0
395,75,0.0,1.781334016,4.751241216,16.372707328,1.536008192,0.0
396,75,0.0,1.781334016,4.751368192,16.372707328,1.5396864,0.0
397,71,0.0,1.781334016,4.75031552,16.37244928,1.54353664,0.0
398,71,0.0,1.781334016,4.749930496,16.37244928,1.547337728,0.0
399,71,0.0,1.781334016,4.75060224,16.372645888,1.551118336,0.0
400,74,0.0,1.781334016,4.751286272,16.372645888,1.55492352,0.0
401,74,3133.8,1.781334016,4.751179776,16.37261312,1.558642688,0.0
402,74,0.0,1.781334016,4.751138816,16.37261312,1.562374144,0.0
403,74,0.0,1.781334016,4.75078656,16.37261312,1.566195712,0.0
404,74,0.0,1.781334016,4.751519744,16.37261312,1.570062336,0.0
405,76,0.0,1.781334016,4.750077952,16.37261312,1.573830656,0.0
406,76,0.0,1.781334016,4.750856192,16.37261312,1.577644032,0.0
407,76,0.0,1.781334016,4.751253504,16.37261312,1.581432832,0.0
408,68,0.0,1.781334016,4.750327808,16.37261312,1.585201152,0.0
409,68,3322.2,1.781334016,4.74947584,16.372580352,1.589010432,0.0
410,68,0.0,1.781334016,4.750848,16.372580352,1.592803328,0.0
411,73,0.0,1.781334016,4.750393344,16.373096448,1.596612608,0.0
412,73,0.0,1.781334016,4.750041088,16.373096448,1.600270336,0.0
413,73,0.0,1.781334016,4.750774272,16.373096448,1.604194304,0.0
414,77,0.0,1.781334016,4.751732736,16.373096448,1.607880704,0.0
415,77,0.0,1.781334016,4.751740928,16.373096448,1.611649024,0.0
416,75,0.0,1.781334016,4.751581184,16.37277696,1.61548288,0.0
417,75,0.0,1.781334016,4.750503936,16.372711424,1.6192512,0.0
418,75,0.0,1.781334016,4.749594624,16.372969472,1.62308096,0.0
419,63,0.0,1.781334016,4.751085568,16.372969472,1.626939392,0.0
420,63,0.0,1.781334016,4.750577664,16.372969472,1.630580736,0.0
421,63,0.0,1.781334016,4.752150528,16.372969472,1.634373632,0.0
422,76,3355.8,1.781334016,4.751200256,16.372936704,1.638182912,0.0
423,76,0.0,1.781334016,4.750385152,16.373133312,1.642057728,0.0
424,76,0.0,1.781334016,4.750278656,16.372875264,1.645903872,0.0
425,78,0.0,1.781334016,4.751024128,16.372875264,1.649709056,0.0
426,78,0.0,1.781334016,4.75004928,16.372875264,1.65357568,0.0
427,72,0.0,1.781334016,4.749156352,16.373071872,1.657344,0.0
428,72,0.0,1.781334016,4.749754368,16.372813824,1.661218816,0.0
429,72,0.0,1.781334016,4.750471168,16.372813824,1.664999424,0.0
430,72,0.0,1.781334016,4.751335424,16.372555776,1.668849664,0.0
431,72,0.0,1.781334016,4.750733312,16.372813824,1.672695808,0.0
432,72,0.0,1.781334016,4.750442496,16.37326848,1.676419072,0.0
433,71,0.0,1.781334016,4.749778944,16.37326848,1.680244736,0.0
434,71,0.0,1.781334016,4.750778368,16.37326848,1.684074496,0.0
435,75,0.0,1.781334016,4.750966784,16.373235712,1.687949312,0.0
436,75,0.0,1.781334016,4.75092992,16.372977664,1.691664384,0.0
437,75,0.0,1.781334016,4.75027456,16.372719616,1.695502336,0.0
438,61,0.0,1.781334016,4.749545472,16.37269504,1.699328,0.0
439,61,0.0,1.781334016,4.750409728,16.372436992,1.703112704,0.0
440,61,0.0,1.781334016,4.749860864,16.372436992,1.706811392,0.0
441,78,0.0,1.781334016,4.750454784,16.372436992,1.71053056,0.0
442,78,0.0,1.781334016,4.750741504,16.372436992,1.714270208,0.0
443,76,0.0,1.781334016,4.749733888,16.372641792,1.718104064,0.0
444,76,0.0,1.781334016,4.751425536,16.37289984,1.721942016,0.0
445,76,0.0,1.781334016,4.750147584,16.37289984,1.72580864,0.0
446,71,0.0,1.781334016,4.750188544,16.373157888,1.729536,0.0
447,71,0.0,1.781334016,4.750618624,16.373157888,1.733308416,0.0
448,71,0.0,1.781334016,4.750159872,16.3728384,1.737064448,0.0
449,71,0.0,1.781334016,4.750712832,16.3728384,1.740845056,0.0
450,71,0.0,1.781334016,4.749778944,16.372805632,1.744674816,0.0
451,71,0.0,1.781334016,4.75082752,16.373321728,1.74839808,0.0
452,75,0.0,1.781334016,4.749316096,16.373321728,1.752215552,0.0
453,75,0.0,1.781334016,4.75099136,16.37328896,1.756073984,0.0
454,75,3269.7,1.781334016,4.750729216,16.373547008,1.75982592,0.0
455,79,0.0,1.781334016,4.751147008,16.374063104,1.76359424,0.0
456,79,0.0,1.781334016,4.750639104,16.373485568,1.767460864,0.0
457,72,0.0,1.781334016,4.750921728,16.373485568,1.771270144,0.0
458,72,0.0,1.781334016,4.750778368,16.373682176,1.775149056,0.0
459,72,0.0,1.781334016,4.74994688,16.373682176,1.778925568,0.0
460,65,0.0,1.781334016,4.750098432,16.373940224,1.78274304,0.0
461,65,0.0,1.781334016,4.75072512,16.373940224,1.786544128,0.0
462,65,0.0,1.781334016,4.750290944,16.373682176,1.790332928,0.0
463,75,0.0,1.781334016,4.74994688,16.373682176,1.794146304,0.0
464,75,0.0,1.781334016,4.74871808,16.373424128,1.797963776,0.0
465,75,0.0,1.781334016,4.749381632,16.373940224,1.801760768,0.0
466,76,3377.3,1.781334016,4.749897728,16.373940224,1.805565952,0.0
467,76,0.0,1.781334016,4.749697024,16.373940224,1.809383424,0.0
468,74,0.0,1.781334016,4.749422592,16.373907456,1.81317632,0.0
469,74,0.0,1.781334016,4.748611584,16.374104064,1.816907776,0.0
470,74,0.0,1.781334016,4.749553664,16.374300672,1.82075392,0.0
471,71,0.0,1.781334016,4.749705216,16.374300672,1.824559104,0.0
472,71,0.0,1.781334016,4.75031552,16.374300672,1.828343808,0.0
473,71,0.0,1.781334016,4.750311424,16.374300672,1.832050688,0.0
474,71,0.0,1.781334016,4.749819904,16.37449728,1.835839488,0.0
475,71,0.0,1.781334016,4.74884096,16.37449728,1.839583232,0.0
476,71,0.0,1.781334016,4.749152256,16.37449728,1.843351552,0.0
477,78,0.0,1.781334016,4.749463552,16.374239232,1.847164928,0.0
478,78,0.0,1.781334016,4.749500416,16.374239232,1.850916864,0.0
479,73,0.0,1.781334016,4.749668352,16.374239232,1.854713856,0.0
480,73,0.0,1.781334016,4.749406208,16.374239232,1.858596864,0.0
481,73,0.0,1.781334016,4.749934592,16.37449728,1.86247168,0.0
482,71,3155.4,1.781334016,4.750057472,16.374755328,1.866272768,0.0
483,71,0.0,1.781334016,4.749320192,16.374464512,1.870032896,0.0
484,71,0.0,1.781334016,4.749737984,16.374464512,1.873813504,0.0
485,73,0.0,1.781334016,4.749623296,16.374464512,1.877663744,0.0
486,73,0.0,1.781334016,4.749111296,16.37459968,1.881554944,0.0
487,73,0.0,1.781334016,4.74908672,16.37459968,1.885278208,0.0
488,77,0.0,1.781334016,4.749746176,16.374341632,1.889050624,0.0
489,77,0.0,1.781334016,4.749205504,16.37459968,1.892777984,0.0
490,71,0.0,1.781334016,4.749103104,16.374341632,1.896574976,0.0
491,71,0.0,1.781334016,4.749692928,16.374341632,1.900408832,0.0
492,71,0.0,1.781334016,4.748914688,16.374280192,1.904238592,0.0
493,68,0.0,1.781334016,4.747792384,16.374280192,1.908072448,0.0
494,68,0.0,1.781334016,4.749369344,16.374280192,1.911730176,0.0
495,68,0.0,1.781334016,4.749451264,16.374022144,1.91555584,0.0
496,73,0.0,1.781334016,4.749275136,16.374218752,1.919373312,0.0
497,73,0.0,1.781334016,4.749565952,16.373702656,1.923129344,0.0
498,79,0.0,1.781334016,4.747923456,16.373641216,1.926975488,0.0
499,79,0.0,1.781334016,4.749811712,16.373641216,1.930747904,0.0
500,79,0.0,1.781334016,4.748910592,16.373641216,1.934483456,0.0
501,59,0.0,1.781334016,4.748623872,16.373608448,1.938219008,0.0
502,59,0.0,1.781334016,4.74957824,16.373608448,1.941921792,0.0
503,59,0.0,1.781334016,4.749287424,16.37435392,1.945767936,0.0
504,74,0.0,1.781334016,4.747964416,16.374611968,1.949528064,0.0
505,74,0.0,1.781334016,4.74894336,16.374550528,1.953308672,0.0
506,74,0.0,1.781334016,4.748853248,16.374550528,1.957163008,0.0
507,80,0.0,1.781334016,4.748685312,16.374550528,1.960906752,0.0
508,80,0.0,1.781334016,4.74822656,16.374550528,1.964740608,0.0
509,80,3329.8,1.781334016,4.748279808,16.374550528,1.968562176,0.0
510,72,0.0,1.781334016,4.748283904,16.37451776,1.972350976,0.0
511,72,0.0,1.781334016,4.748795904,16.374259712,1.976164352,0.0
512,74,0.0,1.781334016,4.749602816,16.374259712,1.979998208,0.0
513,74,0.0,1.781334016,4.749135872,16.374460416,1.983811584,0.0
514,74,0.0,1.781334016,4.748918784,16.374460416,1.987641344,0.0
515,72,0.0,1.781334016,4.748767232,16.374427648,1.991397376,0.0
516,72,0.0,1.781334016,4.74933248,16.374427648,1.995231232,0.0
517,72,0.0,1.781334016,4.748152832,16.374427648,1.998974976,0.0
518,74,0.0,1.781334016,4.748296192,16.374427648,2.002735104,0.0
519,74,0.0,1.781334016,4.748804096,16.374427648,2.006573056,0.0
520,74,0.0,1.781334016,4.74918912,16.374624256,2.010320896,0.0
521,76,0.0,1.781334016,4.749463552,16.374820864,2.014171136,0.0
522,76,0.0,1.781334016,4.74902528,16.374562816,2.017931264,0.0
523,71,0.0,1.781334016,4.748976128,16.374562816,2.021687296,0.0
524,71,0.0,1.781334016,4.748152832,16.374562816,2.025504768,0.0
525,71,3271.8,1.781334016,4.74812416,16.374562816,2.029338624,0.0
526,73,0.0,1.781334016,4.748652544,16.374562816,2.033156096,0.0
527,73,0.0,1.781334016,4.749303808,16.374530048,2.036989952,0.0
528,73,0.0,1.781334016,4.748668928,16.374530048,2.040741888,0.0
529,73,0.0,1.781334016,4.748754944,16.374530048,2.044588032,0.0
530,73,0.0,1.781334016,4.749160448,16.374530048,2.048344064,0.0
531,72,0.0,1.781334016,4.749283328,16.374726656,2.052194304,0.0
532,72,0.0,1.781334016,4.74923008,16.374726656,2.05596672,0.0
533,72,0.0,1.781334016,4.74918912,16.374726656,2.059751424,0.0
534,60,0.0,1.781334016,4.74884096,16.374726656,2.063499264,0.0
535,60,0.0,1.781334016,4.749017088,16.374726656,2.067316736,0.0
536,60,0.0,1.781334016,4.747825152,16.374726656,2.07112192,0.0
537,79,0.0,1.781334016,4.74886144,16.374726656,2.07497216,0.0
538,79,0.0,1.781334016,4.747943936,16.374726656,2.078748672,0.0
539,69,0.0,1.781334016,4.747964416,16.374726656,2.082545664,0.0
540,69,0.0,1.781334016,4.748775424,16.374919168,2.086281216,0.0
541,69,0.0,1.781334016,4.748890112,16.374919168,2.090098688,0.0
542,64,0.0,1.781334016,4.746903552,16.375115776,2.093891584,0.0
543,64,0.0,1.781334016,4.749221888,16.37482496,2.09770496,0.0
544,64,0.0,1.781334016,4.747636736,16.37482496,2.101477376,0.0
545,79,0.0,1.781334016,4.747993088,16.37482496,2.105278464,0.0
546,79,0.0,1.781334016,4.748722176,16.374472704,2.109075456,0.0
547,68,0.0,1.781334016,4.748505088,16.374472704,2.112811008,0.0
548,68,0.0,1.781334016,4.748730368,16.374472704,2.11662848,0.0
549,68,0.0,1.781334016,4.747743232,16.374472704,2.120306688,0.0
550,72,0.0,1.781334016,4.747886592,16.374472704,2.124107776,0.0
551,72,0.0,1.781334016,4.748886016,16.374472704,2.127884288,0.0
552,72,0.0,1.781334016,4.748312576,16.374472704,2.131714048,0.0
553,74,0.0,1.781334016,4.748857344,16.374472704,2.13553152,0.0
554,74,0.0,1.781334016,4.748673024,16.373956608,2.13915648,0.0
555,74,0.0,1.781334016,4.7492096,16.373956608,2.142941184,0.0
556,80,0.0,1.781334016,4.748517376,16.37392384,2.14667264,0.0
557,80,0.0,1.781334016,4.747997184,16.37392384,2.150436864,0.0
558,80,0.0,1.781334016,4.748521472,16.374120448,2.15416832,0.0
559,71,0.0,1.781334016,4.747976704,16.374120448,2.157953024,0.0
560,71,0.0,1.781334016,4.74937344,16.374059008,2.161676288,0.0
561,71,0.0,1.781334016,4.749500416,16.374059008,2.16547328,0.0
562,71,0.0,1.781334016,4.74894336,16.374059008,2.169204736,0.0
563,71,0.0,1.781334016,4.747624448,16.374059008,2.172936192,0.0
564,72,0.0,1.781334016,4.748038144,16.374059008,2.17679872,0.0
565,72,0.0,1.781334016,4.748955648,16.374317056,2.180591616,0.0
566,72,0.0,1.781334016,4.748648448,16.374317056,2.18437632,0.0
567,78,0.0,1.781334016,4.748238848,16.37425152,2.188050432,0.0
568,78,0.0,1.781334016,4.747853824,16.37425152,2.191736832,0.0
569,78,0.0,1.781334016,4.749262848,16.37425152,2.195570688,0.0
570,73,0.0,1.781334016,4.748374016,16.37425152,2.1993472,0.0
571,73,0.0,1.781334016,4.748877824,16.373993472,2.203181056,0.0
572,73,0.0,1.781334016,4.747870208,16.373993472,2.206846976,0.0
573,73,0.0,1.781334016,4.749111296,16.373415936,2.210709504,0.0
574,73,0.0,1.781334016,4.74832896,16.373612544,2.2145024,0.0
575,73,0.0,1.781334016,4.747870208,16.373321728,2.218266624,0.0
576,73,0.0,1.781334016,4.748259328,16.373579776,2.222006272,0.0
577,73,3280.2,1.781334016,4.749103104,16.374095872,2.225803264,0.0
578,74,0.0,1.781334016,4.74830848,16.374095872,2.229608448,0.0
579,74,0.0,1.781334016,4.748541952,16.374611968,2.233376768,0.0
580,67,0.0,1.781334016,4.748808192,16.37462016,2.237169664,0.0
581,67,0.0,1.781334016,4.74968064,16.375177216,2.240917504,0.0
582,67,0.0,1.781334016,4.748038144,16.375353344,2.244726784,0.0
583,68,0.0,1.781334016,4.749545472,16.375472128,2.24856064,0.0
584,68,0.0,1.781334016,4.751962112,16.377659392,2.252345344,0.0
585,68,0.0,1.781334016,4.755091456,16.380719104,2.256171008,0.0
586,72,0.0,1.781334016,4.759298048,16.384188416,2.259922944,0.0
587,55,0.0,1.781334016,4.762374144,16.38602752,2.26373632,0.0
588,55,0.0,1.781334016,4.765876224,16.386080768,2.26756608,0.0
589,55,0.0,1.781334016,4.769644544,16.386023424,2.271383552,0.0
590,53,0.0,1.781334016,4.77333504,16.386060288,2.275139584,0.0
591,53,3315.2,1.781334016,4.777050112,16.386646016,2.27897344,0.0
592,52,0.0,1.781334016,4.780945408,16.38690816,2.2828032,0.0
593,52,3076.3,1.781334016,4.783652864,16.38705152,2.286604288,0.0
594,52,0.0,1.781334016,4.787376128,16.387309568,2.290470912,0.0
595,75,0.0,1.781334016,4.791517184,16.387309568,2.294317056,0.0
596,75,0.0,1.781334016,4.795252736,16.387309568,2.29818368,0.0
597,57,0.0,1.781334016,4.799410176,16.38705152,2.301984768,0.0
598,57,0.0,1.781334016,4.800290816,16.38705152,2.305818624,0.0
599,57,0.0,1.781334016,4.798816256,16.38705152,2.309656576,0.0
600,72,0.0,1.781334016,4.79981568,16.38705152,2.313506816,0.0
601,72,0.0,1.781334016,4.798738432,16.387018752,2.31733248,0.0
602,73,0.0,1.781334016,4.799393792,16.387018752,2.321166336,0.0
603,73,0.0,1.781334016,4.798267392,16.387018752,2.325028864,0.0
604,73,0.0,1.781334016,4.799709184,16.387272704,2.32886272,0.0
605,73,0.0,1.781334016,4.799889408,16.387272704,2.332663808,0.0
606,73,0.0,1.781334016,4.79850496,16.387469312,2.336464896,0.0
607,73,0.0,1.781334016,4.798353408,16.387211264,2.340327424,0.0
608,74,0.0,1.781334016,4.7996928,16.38772736,2.344194048,0.0
609,74,0.0,1.781334016,4.799234048,16.38772736,2.348027904,0.0
610,74,0.0,1.781334016,4.799614976,16.38772736,2.351796224,0.0
611,77,0.0,1.781334016,4.799172608,16.387694592,2.355662848,0.0
612,77,0.0,1.781334016,4.798984192,16.387694592,2.359525376,0.0
613,70,0.0,1.781334016,4.7981568,16.387694592,2.363293696,0.0
614,70,0.0,1.781334016,4.79789056,16.387661824,2.36716032,0.0
615,70,0.0,1.781334016,4.798242816,16.387919872,2.371006464,0.0
616,68,0.0,1.781334016,4.798672896,16.38817792,2.374807552,0.0
617,68,0.0,1.781334016,4.798476288,16.38817792,2.378674176,0.0
618,68,0.0,1.781334016,4.799012864,16.387919872,2.382475264,0.0
619,78,0.0,1.781334016,4.797386752,16.387858432,2.386341888,0.0
620,78,0.0,1.781334016,4.79711232,16.387858432,2.390134784,0.0
621,78,0.0,1.781334016,4.79852544,16.387858432,2.39405056,0.0
622,73,0.0,1.781334016,4.798943232,16.387600384,2.3979008,0.0
623,73,0.0,1.781334016,4.798210048,16.387858432,2.401701888,0.0
624,74,0.0,1.781334016,4.797919232,16.388374528,2.405535744,0.0
625,74,0.0,1.781334016,4.79698944,16.388632576,2.409394176,0.0
626,74,0.0,1.781334016,4.798017536,16.387796992,2.413195264,0.0
627,74,0.0,1.781334016,4.797997056,16.387796992,2.41702912,0.0
628,74,0.0,1.781334016,4.797841408,16.388313088,2.420862976,0.0
629,74,0.0,1.781334016,4.798087168,16.387796992,2.424713216,0.0
630,72,0.0,1.781334016,4.797554688,16.387796992,2.428514304,0.0
631,72,0.0,1.781334016,4.797943808,16.387796992,2.43234816,0.0
632,72,0.0,1.781334016,4.796882944,16.387796992,2.436214784,0.0
633,80,0.0,1.781334016,4.796731392,16.387796992,2.440036352,0.0
634,80,0.0,1.781334016,4.79731712,16.387796992,2.443870208,0.0
635,80,0.0,1.781334016,4.7968256,16.387796992,2.447704064,0.0
636,71,0.0,1.781334016,4.796526592,16.387796992,2.451505152,0.0
637,71,0.0,1.781334016,4.795355136,16.387796992,2.455363584,0.0
638,67,0.0,1.781334016,4.79715328,16.387280896,2.45919744,0.0
639,67,0.0,1.781334016,4.797218816,16.387248128,2.463043584,0.0
640,67,0.0,1.781334016,4.79735808,16.387248128,2.466922496,0.0
641,76,0.0,1.781334016,4.797353984,16.387248128,2.47072768,0.0
642,76,0.0,1.781334016,4.79688704,16.38699008,2.474586112,0.0
643,76,0.0,1.781334016,4.796809216,16.38699008,2.478419968,0.0
644,73,0.0,1.781334016,4.796059648,16.38699008,2.482249728,0.0
645,73,0.0,1.781334016,4.795813888,16.38699008,2.48612864,0.0
646,68,0.0,1.781334016,4.795645952,16.38699008,2.48997888,0.0
647,68,0.0,1.781334016,4.7960064,16.38699008,2.4937472,0.0
648,68,0.0,1.781334016,4.796645376,16.38699008,2.497605632,0.0
649,72,0.0,1.781334016,4.796305408,16.38699008,2.501476352,0.0
650,72,0.0,1.781334016,4.79619072,16.38699008,2.505326592,0.0
651,72,0.0,1.781334016,4.796002304,16.387186688,2.509111296,0.0
652,77,0.0,1.781334016,4.797124608,16.387186688,2.512928768,0.0
653,77,0.0,1.781334016,4.796157952,16.387444736,2.516729856,0.0
654,77,0.0,1.781334016,4.796358656,16.387444736,2.52059648,0.0
655,73,0.0,1.781334016,4.796071936,16.387444736,2.524397568,0.0
656,73,0.0,1.781334016,4.794843136,16.387444736,2.528264192,0.0
657,73,0.0,1.781334016,4.79541248,16.387444736,2.532098048,0.0
658,73,0.0,1.781334016,4.795486208,16.387444736,2.535952384,0.0
659,73,0.0,1.781334016,4.795682816,16.387444736,2.53978624,0.0
660,74,0.0,1.781334016,4.796407808,16.387444736,2.543587328,0.0
661,74,0.0,1.781334016,4.796035072,16.387411968,2.547437568,0.0
662,74,0.0,1.781334016,4.796014592,16.387411968,2.551304192,0.0
663,78,0.0,1.781334016,4.79588352,16.387411968,2.555088896,0.0
664,78,0.0,1.781334016,4.794310656,16.387670016,2.558922752,0.0
665,78,0.0,1.781334016,4.79602688,16.38715392,2.562740224,0.0
666,76,0.0,1.781334016,4.79598592,16.387411968,2.56657408,0.0
667,76,0.0,1.781334016,4.794048512,16.387411968,2.570440704,0.0
668,70,0.0,1.781334016,4.795244544,16.387411968,2.574258176,0.0
669,70,0.0,1.781334016,4.795072512,16.387411968,2.5781248,0.0
670,70,0.0,1.781334016,4.795092992,16.387411968,2.581958656,0.0
671,68,0.0,1.781334016,4.79510528,16.387411968,2.585792512,0.0
672,68,0.0,1.781334016,4.795031552,16.387411968,2.589609984,0.0
673,68,0.0,1.781334016,4.794527744,16.387121152,2.593427456,0.0
674,80,0.0,1.781334016,4.794064896,16.387121152,2.597228544,0.0
675,80,0.0,1.781334016,4.794298368,16.387121152,2.6010624,0.0
676,80,0.0,1.781334016,4.795133952,16.3873792,2.604929024,0.0
677,75,0.0,1.781334016,4.795113472,16.3873792,2.608734208,0.0
678,75,0.0,1.781334016,4.794638336,16.3873792,2.612580352,0.0
679,71,0.0,1.781334016,4.79449088,16.387637248,2.616414208,0.0
680,71,0.0,1.781334016,4.79449088,16.387637248,2.620248064,0.0
681,71,0.0,1.781334016,4.794499072,16.387637248,2.624049152,0.0
682,71,0.0,1.781334016,4.79500288,16.387637248,2.627936256,0.0
683,71,0.0,1.781334016,4.794564608,16.387637248,2.631770112,0.0
684,71,0.0,1.781334016,4.794810368,16.387637248,2.635587584,0.0
685,79,0.0,1.781334016,4.794404864,16.388153344,2.639392768,0.0
686,79,0.0,1.781334016,4.794380288,16.388411392,2.643226624,0.0
687,79,0.0,1.781334016,4.79408128,16.388411392,2.647109632,0.0
688,75,0.0,1.781334016,4.793085952,16.388411392,2.650955776,0.0
689,75,0.0,1.781334016,4.793913344,16.388411392,2.654773248,0.0
690,70,0.0,1.781334016,4.793352192,16.388411392,2.658635776,0.0
691,70,0.0,1.781334016,4.793823232,16.388153344,2.66248192,0.0
692,70,0.0,1.781334016,4.794171392,16.388153344,2.666299392,0.0
693,71,0.0,1.781334016,4.793593856,16.387637248,2.670149632,0.0
694,71,0.0,1.781334016,4.794052608,16.387637248,2.674016256,0.0
695,71,0.0,1.781334016,4.793307136,16.387637248,2.677784576,0.0
696,78,0.0,1.781334016,4.793995264,16.387637248,2.681683968,0.0
697,78,0.0,1.781334016,4.793495552,16.3873792,2.685485056,0.0
698,72,0.0,1.781334016,4.793274368,16.3873792,2.689253376,0.0
699,72,0.0,1.781334016,4.79315968,16.3873792,2.69312,0.0
700,72,0.0,1.781334016,4.793757696,16.38760448,2.696921088,0.0
701,65,0.0,1.781334016,4.793004032,16.38760448,2.700767232,0.0
702,65,0.0,1.781334016,4.792922112,16.38760448,2.70456832,0.0
703,65,0.0,1.781334016,4.793245696,16.38760448,2.708434944,0.0
704,75,0.0,1.781334016,4.791881728,16.38760448,2.712236032,0.0
705,75,0.0,1.781334016,4.792635392,16.38760448,2.716110848,0.0
706,75,0.0,1.781334016,4.79352832,16.38760448,2.719944704,0.0
707,74,0.0,1.781334016,4.793397248,16.38760448,2.723745792,0.0
708,74,0.0,1.781334016,4.792373248,16.38760448,2.727563264,0.0
709,69,0.0,1.781334016,4.7916032,16.38760448,2.7314176,0.0
710,69,3267.9,1.781334016,4.792676352,16.38760448,2.735284224,0.0
711,69,0.0,1.781334016,4.7930368,16.38760448,2.73911808,0.0
712,71,0.0,1.781334016,4.79291392,16.38760448,2.742951936,0.0
713,71,0.0,1.781334016,4.79330304,16.38760448,2.746753024,0.0
714,71,0.0,1.781334016,4.792287232,16.387571712,2.750619648,0.0
715,78,0.0,1.781334016,4.792537088,16.387571712,2.754453504,0.0
716,78,0.0,1.781334016,4.79258624,16.387571712,2.758299648,0.0
717,78,0.0,1.781334016,4.792229888,16.387571712,2.762182656,0.0
718,74,0.0,1.781334016,4.791926784,16.387571712,2.766012416,0.0
719,74,0.0,1.781334016,4.792332288,16.38782976,2.769780736,0.0
720,69,0.0,1.781334016,4.792119296,16.38782976,2.773630976,0.0
721,69,0.0,1.781334016,4.791341056,16.387571712,2.777481216,0.0
722,69,0.0,1.781334016,4.79225856,16.387571712,2.781310976,0.0
723,73,0.0,1.781334016,4.791443456,16.387055616,2.785165312,0.0
724,73,0.0,1.781334016,4.791218176,16.387055616,2.7889664,0.0
725,79,0.0,1.781334016,4.791312384,16.387055616,2.792804352,0.0
726,79,0.0,1.781334016,4.791549952,16.387055616,2.796621824,0.0
727,72,0.0,1.781334016,4.79156224,16.387055616,2.800508928,0.0
728,72,0.0,1.781334016,4.792389632,16.387055616,2.8043264,0.0
729,72,0.0,1.781334016,4.791963648,16.387313664,2.808168448,0.0
730,69,0.0,1.781334016,4.790566912,16.387313664,2.812002304,0.0
731,69,0.0,1.781334016,4.791742464,16.386797568,2.81583616,0.0
732,69,0.0,1.781334016,4.791455744,16.387313664,2.81960448,0.0
733,73,0.0,1.781334016,4.790554624,16.387313664,2.82345472,0.0
734,73,0.0,1.781334016,4.790398976,16.387313664,2.827333632,0.0
735,78,0.0,1.781334016,4.79145984,16.387571712,2.831208448,0.0
736,78,0.0,1.781334016,4.79062016,16.387571712,2.835009536,0.0
737,78,0.0,1.781334016,4.791103488,16.387571712,2.838810624,0.0
738,68,0.0,1.781334016,4.790603776,16.38776832,2.842660864,0.0
739,68,0.0,1.781334016,4.790734848,16.38776832,2.84649472,0.0
740,68,0.0,1.781334016,4.790247424,16.38776832,2.850357248,0.0
741,74,0.0,1.781334016,4.790530048,16.38776832,2.854158336,0.0
742,74,0.0,1.781334016,4.790345728,16.387506176,2.858020864,0.0
743,74,0.0,1.781334016,4.79100928,16.387506176,2.861838336,0.0
744,74,0.0,1.781334016,4.790501376,16.387506176,2.865672192,0.0
745,74,0.0,1.781334016,4.790484992,16.387506176,2.869551104,0.0
746,73,0.0,1.781334016,4.79041536,16.387506176,2.873380864,0.0
747,73,0.0,1.781334016,4.789067776,16.387506176,2.877251584,0.0
748,73,0.0,1.781334016,4.78988288,16.387506176,2.881101824,0.0
749,73,0.0,1.781334016,4.789796864,16.387506176,2.884902912,0.0
750,73,0.0,1.781334016,4.789219328,16.387506176,2.888736768,0.0
751,73,0.0,1.781334016,4.790489088,16.387506176,2.892582912,0.0
752,72,0.0,1.781334016,4.789030912,16.387506176,2.896482304,0.0
753,72,0.0,1.781334016,4.789436416,16.387702784,2.900299776,0.0
754,72,0.0,1.781334016,4.7900672,16.387702784,2.9041664,0.0
755,77,0.0,1.781334016,4.789850112,16.387444736,2.908033024,0.0
756,77,0.0,1.781334016,4.78976,16.387444736,2.91188736,0.0
757,76,0.0,1.781334016,4.789248,16.387444736,2.915762176,0.0
758,76,0.0,1.781334016,4.790083584,16.387444736,2.919604224,0.0
759,76,0.0,1.781334016,4.788883456,16.387444736,2.923454464,0.0
760,67,0.0,1.781334016,4.789489664,16.387444736,2.927255552,0.0
761,67,0.0,1.781334016,4.789198848,16.387444736,2.931089408,0.0
762,67,0.0,1.781334016,4.789444608,16.387444736,2.934923264,0.0
763,71,0.0,1.781334016,4.789272576,16.387444736,2.938789888,0.0
764,71,0.0,1.781334016,4.789374976,16.387444736,2.942631936,0.0
765,77,0.0,1.781334016,4.788948992,16.387444736,2.94653952,0.0
766,77,0.0,1.781334016,4.788649984,16.387444736,2.950397952,0.0
767,77,0.0,1.781334016,4.789293056,16.387444736,2.954211328,0.0
768,71,0.0,1.781334016,4.78851072,16.387186688,2.958077952,0.0
769,71,0.0,1.781334016,4.788998144,16.387186688,2.961911808,0.0
770,71,0.0,1.781334016,4.78910464,16.387186688,2.965766144,0.0
771,73,0.0,1.781334016,4.788441088,16.387444736,2.969632768,0.0
772,73,0.0,1.781334016,4.78844928,16.38692864,2.973433856,0.0
773,73,0.0,1.781334016,4.788436992,16.38692864,2.977267712,0.0
774,74,0.0,1.781334016,4.787556352,16.38692864,2.981134336,0.0
775,74,0.0,1.781334016,4.78871552,16.38692864,2.984968192,0.0
776,78,0.0,1.781334016,4.788314112,16.38692864,2.988843008,0.0
777,78,0.0,1.781334016,4.787494912,16.38692864,2.992676864,0.0
778,78,0.0,1.781334016,4.78814208,16.38692864,2.99651072,0.0
779,74,0.0,1.781334016,4.786970624,16.38692864,3.000344576,0.0
780,74,0.0,1.781334016,4.787613696,16.386895872,3.00419072,0.0
781,74,0.0,1.781334016,4.786716672,16.386895872,3.008028672,0.0
782,73,0.0,1.781334016,4.78683136,16.386576384,3.011895296,0.0
783,73,0.0,1.781334016,4.78820352,16.386576384,3.015696384,0.0
784,73,0.0,1.781334016,4.787920896,16.386318336,3.01953024,0.0
785,71,0.0,1.781334016,4.78652416,16.386318336,3.023396864,0.0
786,71,0.0,1.781334016,4.786507776,16.386318336,3.02731264,0.0
787,71,0.0,1.781334016,4.78785536,16.386318336,3.031113728,0.0
788,81,0.0,1.781334016,4.786446336,16.386060288,3.0349312,0.0
789,81,0.0,1.781334016,4.787503104,16.386060288,3.038797824,0.0
790,74,0.0,1.781334016,4.787441664,16.38580224,3.042598912,0.0
791,74,0.0,1.781334016,4.787580928,16.38580224,3.046432768,0.0
792,74,0.0,1.781334016,4.787286016,16.38580224,3.05025024,0.0
793,74,0.0,1.781334016,4.78763008,16.38580224,3.05410048,0.0
794,74,0.0,1.781334016,4.78642176,16.385998848,3.057958912,0.0
795,74,0.0,1.781334016,4.787044352,16.385998848,3.061792768,0.0
796,73,0.0,1.781334016,4.786438144,16.386256896,3.065659392,0.0
797,73,0.0,1.781334016,4.786163712,16.386256896,3.069493248,0.0
798,73,0.0,1.781334016,4.786049024,16.386256896,3.073294336,0.0
799,76,0.0,1.781334016,4.786253824,16.386256896,3.07716096,0.0
800,76,3291.5,1.781334016,4.78687232,16.386256896,3.080978432,0.0
801,76,0.0,1.781334016,4.786409472,16.386256896,3.08486144,0.0
802,79,0.0,1.781334016,4.787367936,16.386514944,3.088646144,0.0
803,79,0.0,1.781334016,4.787126272,16.386514944,3.092512768,0.0
804,64,0.0,1.781334016,4.786860032,16.386514944,3.096346624,0.0
805,64,0.0,1.781334016,4.786397184,16.386514944,3.10018048,0.0
806,64,0.0,1.781334016,4.785176576,16.386514944,3.104067584,0.0
807,72,0.0,1.781334016,4.785963008,16.386514944,3.107868672,0.0
808,72,0.0,1.781334016,4.785528832,16.386514944,3.111735296,0.0
809,75,0.0,1.781334016,4.786098176,16.386772992,3.115536384,0.0
810,75,0.0,1.781334016,4.78550016,16.386772992,3.119427584,0.0
811,75,0.0,1.781334016,4.786085888,16.38703104,3.12326144,0.0
812,69,0.0,1.781334016,4.78533632,16.38703104,3.127119872,0.0
813,69,0.0,1.781334016,4.785983488,16.38703104,3.130986496,0.0
814,69,0.0,1.781334016,4.785577984,16.38703104,3.134803968,0.0
815,73,0.0,1.781334016,4.785041408,16.38703104,3.13862144,0.0
816,73,0.0,1.781334016,4.78599168,16.38703104,3.14247168,0.0
817,73,0.0,1.781334016,4.785405952,16.38703104,3.146350592,0.0
818,77,0.0,1.781334016,4.785692672,16.38703104,3.150184448,0.0
819,77,0.0,1.781334016,4.784418816,16.38703104,3.15404288,0.0
820,74,0.0,1.781334016,4.785688576,16.386772992,3.15789312,0.0
821,74,0.0,1.781334016,4.785655808,16.386772992,3.161710592,0.0
822,74,0.0,1.781334016,4.784201728,16.386772992,3.165560832,0.0
823,73,0.0,1.781334016,4.783845376,16.386772992,3.16940288,0.0
824,73,0.0,1.781334016,4.785782784,16.386772992,3.173236736,0.0
825,73,0.0,1.781334016,4.785250304,16.386772992,3.17710336,0.0
826,74,0.0,1.781334016,4.784648192,16.386772992,3.180904448,0.0
827,74,0.0,1.781334016,4.784713728,16.387289088,3.18480384,0.0
828,74,0.0,1.781334016,4.784099328,16.387289088,3.188617216,0.0
829,74,0.0,1.781334016,4.784787456,16.387289088,3.192451072,0.0
830,74,0.0,1.781334016,4.784820224,16.387289088,3.196301312,0.0
831,71,0.0,1.781334016,4.784238592,16.38703104,3.200126976,0.0
832,71,0.0,1.781334016,4.784603136,16.387289088,3.2039936,0.0
833,71,0.0,1.781334016,4.783374336,16.387289088,3.207827456,0.0
834,75,0.0,1.781334016,4.783632384,16.387805184,3.21169408,0.0
835,75,0.0,1.781334016,4.783386624,16.388063232,3.215478784,0.0
836,75,0.0,1.781334016,4.783824896,16.388063232,3.219345408,0.0
837,73,0.0,1.781334016,4.783886336,16.388063232,3.223212032,0.0
838,73,0.0,1.781334016,4.783427584,16.388063232,3.22701312,0.0
839,73,0.0,1.781334016,4.7839232,16.388063232,3.230912512,0.0
840,76,0.0,1.781334016,4.783927296,16.388063232,3.234746368,0.0
841,76,0.0,1.781334016,4.783702016,16.388063232,3.238612992,0.0
842,76,0.0,1.781334016,4.783730688,16.388063232,3.242471424,0.0
843,78,0.0,1.781334016,4.7839232,16.388063232,3.246338048,0.0
844,78,0.0,1.781334016,4.783927296,16.388063232,3.250200576,0.0
845,72,0.0,1.781334016,4.78343168,16.387805184,3.254030336,0.0
846,72,0.0,1.781334016,4.783669248,16.387805184,3.25789696,0.0
847,72,0.0,1.781334016,4.783685632,16.387805184,3.261796352,0.0
848,73,0.0,1.781334016,4.78302208,16.387805184,3.265630208,0.0
849,73,0.0,1.781334016,4.782538752,16.387805184,3.269496832,0.0
850,73,0.0,1.781334016,4.783632384,16.387805184,3.273347072,0.0
851,73,0.0,1.781334016,4.783599616,16.387805184,3.277213696,0.0
852,73,0.0,1.781334016,4.782968832,16.387805184,3.281031168,0.0
853,73,0.0,1.781334016,4.781801472,16.387805184,3.284901888,0.0
854,80,0.0,1.781334016,4.783316992,16.387805184,3.288793088,0.0
855,80,3262.2,1.781334016,4.782067712,16.387805184,3.292626944,0.0
856,73,0.0,1.781334016,4.782559232,16.387805184,3.296530432,0.0
857,73,0.0,1.781334016,4.782501888,16.387805184,3.300347904,0.0
858,73,0.0,1.781334016,4.781932544,16.387805184,3.304251392,0.0
859,73,0.0,1.781334016,4.783054848,16.387289088,3.308068864,0.0
860,73,0.0,1.781334016,4.782669824,16.387289088,3.311935488,0.0
861,73,0.0,1.781334016,4.782907392,16.387289088,3.315826688,0.0
862,70,0.0,1.781334016,4.78191616,16.387227648,3.319660544,0.0
863,70,0.0,1.781334016,4.782583808,16.387227648,3.323461632,0.0
864,70,0.0,1.781334016,4.781461504,16.386711552,3.327328256,0.0
865,77,0.0,1.781334016,4.781969408,16.386711552,3.331178496,0.0
866,77,0.0,1.781334016,4.781899776,16.386711552,3.335069696,0.0
867,74,0.0,1.781334016,4.78242816,16.386711552,3.33889536,0.0
868,74,0.0,1.781334016,4.780855296,16.386711552,3.342737408,0.0
869,74,0.0,1.781334016,4.78119936,16.386711552,3.3466368,0.0
870,72,0.0,1.781334016,4.781129728,16.386711552,3.350503424,0.0
871,72,0.0,1.781334016,4.781707264,16.386711552,3.354370048,0.0
872,72,0.0,1.781334016,4.781010944,16.386711552,3.35826944,0.0
873,73,0.0,1.781334016,4.780716032,16.386711552,3.362136064,0.0
874,73,0.0,1.781334016,4.78158848,16.386711552,3.365961728,0.0
875,73,0.0,1.781334016,4.781576192,16.386711552,3.369771008,0.0
876,80,0.0,1.781334016,4.7801344,16.387227648,3.373674496,0.0
877,80,0.0,1.781334016,4.780982272,16.387227648,3.377537024,0.0
878,73,0.0,1.781334016,4.780326912,16.387227648,3.38141184,0.0
879,73,0.0,1.781334016,4.780773376,16.3869696,3.3852416,0.0
880,73,0.0,1.781334016,4.780986368,16.3869696,3.389083648,0.0
881,72,0.0,1.781334016,4.781010944,16.3869696,3.392974848,0.0
882,72,0.0,1.781334016,4.781252608,16.387485696,3.396816896,0.0
883,72,0.0,1.781334016,4.780404736,16.387485696,3.400646656,0.0
884,73,0.0,1.781334016,4.780670976,16.3869696,3.40451328,0.0
885,73,0.0,1.781334016,4.780965888,16.387485696,3.408379904,0.0
886,73,0.0,1.781334016,4.781101056,16.387227648,3.412197376,0.0
887,77,0.0,1.781334016,4.780146688,16.387227648,3.416096768,0.0
888,77,0.0,1.781334016,4.779401216,16.3869696,3.419947008,0.0
889,71,0.0,1.781334016,4.780187648,16.387485696,3.423748096,0.0
890,71,0.0,1.781334016,4.780527616,16.387485696,3.427688448,0.0
891,71,0.0,1.781334016,4.779700224,16.387485696,3.431510016,0.0
892,71,0.0,1.781334016,4.779352064,16.387227648,3.43537664,0.0
893,71,0.0,1.781334016,4.780261376,16.387227648,3.439210496,0.0
894,71,0.0,1.781334016,4.780118016,16.387227648,3.443027968,0.0
895,73,0.0,1.781334016,4.779360256,16.387485696,3.446861824,0.0
896,73,0.0,1.781334016,4.78007296,16.387743744,3.450720256,0.0
897,73,0.0,1.781334016,4.77999104,16.387743744,3.454578688,0.0
898,81,0.0,1.781334016,4.779597824,16.387227648,3.45839616,0.0
899,81,0.0,1.781334016,4.779483136,16.387227648,3.462230016,0.0
900,69,0.0,1.781334016,4.780183552,16.387743744,3.46609664,0.0
901,69,0.0,1.781334016,4.779708416,16.387743744,3.469930496,0.0
902,69,0.0,1.781334016,4.778692608,16.387743744,3.47379712,0.0
903,72,0.0,1.781334016,4.77919232,16.387743744,3.477598208,0.0
904,72,0.0,1.781334016,4.779012096,16.387743744,3.481444352,0.0
905,72,0.0,1.781334016,4.779708416,16.387743744,3.48526592,0.0
906,75,0.0,1.781334016,4.779237376,16.387940352,3.489099776,0.0
907,75,0.0,1.781334016,4.778909696,16.387682304,3.492950016,0.0
908,75,0.0,1.781334016,4.779188224,16.387682304,3.496767488,0.0
909,78,0.0,1.781334016,4.77927424,16.387682304,3.500568576,0.0
910,78,0.0,1.781334016,4.778184704,16.387682304,3.504431104,0.0
911,70,0.0,1.781334016,4.778336256,16.387682304,3.508232192,0.0
912,70,0.0,1.781334016,4.779044864,16.387682304,3.512098816,0.0
913,70,0.0,1.781334016,4.77888512,16.387682304,3.515932672,0.0
914,72,0.0,1.781334016,4.778381312,16.387682304,3.519700992,0.0
915,72,0.0,1.781334016,4.778668032,16.387682304,3.523534848,0.0
916,72,0.0,1.781334016,4.777984,16.387682304,3.527368704,0.0
917,75,0.0,1.781334016,4.778479616,16.387682304,3.531198464,0.0
918,75,0.0,1.781334016,4.778467328,16.387682304,3.53503232,0.0
919,75,0.0,1.781334016,4.778401792,16.387682304,3.538849792,0.0
920,78,0.0,1.781334016,4.77882368,16.387424256,3.542683648,0.0
921,78,0.0,1.781334016,4.777775104,16.38713344,3.546517504,0.0
922,67,0.0,1.781334016,4.777750528,16.387391488,3.550343168,0.0
923,67,0.0,1.781334016,4.77786112,16.387391488,3.554185216,0.0
924,67,0.0,1.781334016,4.776935424,16.387391488,3.558019072,0.0
925,75,0.0,1.781334016,4.777050112,16.38713344,3.5618816,0.0
926,75,0.0,1.781334016,4.777099264,16.38713344,3.565666304,0.0
927,75,0.0,1.781334016,4.777725952,16.387391488,3.569594368,0.0
928,77,0.0,1.781334016,4.7776768,16.387391488,3.573362688,0.0
929,77,0.0,1.781334016,4.776513536,16.387391488,3.577229312,0.0
930,77,0.0,1.781334016,4.776595456,16.387391488,3.581059072,0.0
931,78,0.0,1.781334016,4.777345024,16.387391488,3.584876544,0.0
932,78,0.0,1.781334016,4.77779968,16.387391488,3.588726784,0.0
933,69,0.0,1.781334016,4.776640512,16.387391488,3.59256064,0.0
934,69,0.0,1.781334016,4.776521728,16.387391488,3.596394496,0.0
935,69,0.0,1.781334016,4.777541632,16.387391488,3.600195584,0.0
936,68,0.0,1.781334016,4.77696,16.387391488,3.60402944,0.0
937,68,0.0,1.781334016,4.776517632,16.387391488,3.607896064,0.0
938,74,0.0,1.781334016,4.777418752,16.387391488,3.611697152,0.0
939,74,0.0,1.781334016,4.776656896,16.387391488,3.61549824,0.0
940,74,0.0,1.781334016,4.776538112,16.387391488,3.619377152,0.0
941,71,0.0,1.781334016,4.775538688,16.387391488,3.62317824,0.0
942,71,0.0,1.781334016,4.776259584,16.387391488,3.626979328,0.0
943,71,0.0,1.781334016,4.776706048,16.38713344,3.630895104,0.0
944,71,0.0,1.781334016,4.776239104,16.38713344,3.634696192,0.0
945,71,3295.5,1.781334016,4.775706624,16.38713344,3.638530048,0.0
946,71,0.0,1.781334016,4.775714816,16.38713344,3.642343424,0.0
947,76,0.0,1.781334016,4.7762432,16.38713344,3.646193664,0.0
948,76,0.0,1.781334016,4.775911424,16.38713344,3.650011136,0.0
949,59,0.0,1.781334016,4.775272448,16.38713344,3.653812224,0.0
950,59,0.0,1.781334016,4.775264256,16.38713344,3.657662464,0.0
951,59,0.0,1.781334016,4.775899136,16.38713344,3.661512704,0.0
952,75,0.0,1.781334016,4.776443904,16.38713344,3.665330176,0.0
953,75,0.0,1.781334016,4.776538112,16.38713344,3.669164032,0.0
954,67,0.0,1.781334016,4.776484864,16.38713344,3.672981504,0.0
955,67,0.0,1.781334016,4.776308736,16.38713344,3.676782592,0.0
956,67,0.0,1.781334016,4.776271872,16.38713344,3.680616448,0.0
957,71,0.0,1.781334016,4.775374848,16.38713344,3.684462592,0.0
958,71,0.0,1.781334016,4.77571072,16.38713344,3.6883456,0.0
959,71,0.0,1.781334016,4.77575168,16.38713344,3.692146688,0.0
960,73,0.0,1.781334016,4.775616512,16.38713344,3.695996928,0.0
961,73,0.0,1.781334016,4.775440384,16.38713344,3.699798016,0.0
962,72,0.0,1.781334016,4.77560832,16.38713344,3.703627776,0.0
963,72,0.0,1.781334016,4.77538304,16.38713344,3.707478016,0.0
964,72,0.0,1.781334016,4.776005632,16.38713344,3.711311872,0.0
965,70,0.0,1.781334016,4.774924288,16.38713344,3.715096576,0.0
966,70,0.0,1.781334016,4.774858752,16.38713344,3.718946816,0.0
967,70,0.0,1.781334016,4.774965248,16.38713344,3.722747904,0.0
968,76,0.0,1.781334016,4.775862272,16.387649536,3.72658176,0.0
969,76,0.0,1.781334016,4.77526016,16.387649536,3.730415616,0.0
970,75,0.0,1.781334016,4.774903808,16.387649536,3.734249472,0.0
971,75,0.0,1.781334016,4.77472768,16.387649536,3.738066944,0.0
972,75,0.0,1.781334016,4.775165952,16.387649536,3.741917184,0.0
973,74,0.0,1.781334016,4.775120896,16.387649536,3.745718272,0.0
974,74,0.0,1.781334016,4.77489152,16.387616768,3.749576704,0.0
975,74,0.0,1.781334016,4.775063552,16.387616768,3.753394176,0.0
976,73,0.0,1.781334016,4.775235584,16.38735872,3.757228032,0.0
977,73,0.0,1.781334016,4.77505536,16.387100672,3.761078272,0.0
978,73,0.0,1.781334016,4.773515264,16.387100672,3.764846592,0.0
979,78,0.0,1.781334016,4.774289408,16.386842624,3.768713216,0.0
980,78,0.0,1.781334016,4.775378944,16.386842624,3.772514304,0.0
981,78,3719.9,1.781334016,4.773892096,16.386842624,3.77634816,0.0
982,73,0.0,1.781334016,4.774608896,16.386842624,3.780182016,0.0
983,73,0.0,1.781334016,4.775030784,16.386842624,3.783983104,0.0
984,71,0.0,1.781334016,4.775235584,16.386842624,3.787800576,0.0
985,71,0.0,1.781334016,4.775436288,16.38735872,3.791650816,0.0
986,71,0.0,1.781334016,4.774555648,16.386842624,3.79549696,0.0
987,75,0.0,1.781334016,4.77456384,16.386842624,3.799359488,0.0
988,75,0.0,1.781334016,4.775440384,16.386842624,3.803160576,0.0
989,75,0.0,1.781334016,4.774653952,16.386584576,3.807031296,0.0
990,78,0.0,1.781334016,4.774285312,16.386584576,3.810656256,0.0
991,78,0.0,1.781334016,4.77448192,16.386326528,3.814506496,0.0
992,78,0.0,1.781334016,4.775292928,16.386842624,3.81825024,0.0
993,72,0.0,1.781334016,4.77478912,16.386842624,3.821989888,0.0
994,72,0.0,1.781334016,4.774019072,16.386842624,3.825819648,0.0
995,71,0.0,1.781334016,4.774535168,16.386584576,3.829690368,0.0
996,71,0.0,1.781334016,4.775182336,16.386584576,3.833483264,0.0
997,71,0.0,1.781334016,4.775149568,16.386584576,3.837284352,0.0
998,71,0.0,1.781334016,4.774137856,16.386584576,3.841052672,0.0
999,71,0.0,1.781334016,4.77485056,16.386584576,3.84483328,0.0
1000,71,0.0,1.781334016,4.773527552,16.38735872,3.848613888,0.0
1001,81,0.0,1.781334016,4.77528064,16.387616768,3.852460032,0.0
1002,81,0.0,1.781334016,4.774699008,16.38735872,3.856232448,0.0
1003,81,0.0,1.781334016,4.775190528,16.38735872,3.859902464,0.0
1004,76,0.0,1.781334016,4.774977536,16.38735872,3.863621632,0.0
1005,76,0.0,1.781334016,4.775636992,16.387616768,3.867324416,0.0
1006,74,3710.6,1.781334016,4.775407616,16.387874816,3.871051776,0.0
1007,74,0.0,1.781334016,4.77517824,16.388390912,3.87485696,0.0
1008,74,0.0,1.781334016,4.767502336,16.387874816,3.878637568,0.0
1009,74,0.0,1.781334016,4.76739584,16.387874816,3.882504192,0.0
1010,74,0.0,1.781334016,4.768141312,16.387874816,3.88632576,0.0
1011,74,0.0,1.781334016,4.7712256,16.387874816,3.890143232,0.0
1012,73,0.0,1.781334016,4.772990976,16.388132864,3.893981184,0.0
1013,73,0.0,1.781334016,4.772007936,16.387874816,3.897831424,0.0
1014,73,0.0,1.781334016,4.772159488,16.387874816,3.901673472,0.0
1015,81,0.0,1.781334016,4.77220864,16.388071424,3.905486848,0.0
1016,81,0.0,1.781334016,4.77147136,16.387424256,3.909152768,0.0
1017,81,0.0,1.781334016,4.772057088,16.387424256,3.912916992,0.0
1018,73,0.0,1.781334016,4.7721472,16.387424256,3.916783616,0.0
1019,73,0.0,1.781334016,4.771229696,16.3881984,3.92060928,0.0
1020,73,0.0,1.781334016,4.771946496,16.387682304,3.92441856,0.0
1021,73,3675.8,1.781334016,4.77208576,16.387940352,3.928162304,0.0
1022,73,0.0,1.781334016,4.76991488,16.387940352,3.931926528,0.0
1023,72,3699.8,1.781334016,4.769759232,16.387940352,3.935735808,0.0
1024,72,0.0,1.781334016,4.77032448,16.387424256,3.939377152,0.0
1025,72,0.0,1.781334016,4.767100928,16.387424256,3.943108608,0.0
1026,79,0.0,1.781334016,4.766937088,16.387424256,3.9469056,0.0
1027,79,0.0,1.781334016,4.76672,16.387424256,3.950706688,0.0
1028,79,0.0,1.781334016,4.766519296,16.387424256,3.954552832,0.0
1029,74,0.0,1.781334016,4.766547968,16.387424256,3.958321152,0.0
1030,74,0.0,1.781334016,4.766470144,16.387424256,3.962109952,0.0
1031,72,0.0,1.781334016,4.765937664,16.387424256,3.965923328,0.0
1032,72,0.0,1.781334016,4.766994432,16.387166208,3.969626112,0.0
1033,72,0.0,1.781334016,4.766420992,16.387166208,3.97350912,0.0
1034,71,0.0,1.781334016,4.767182848,16.387166208,3.977302016,0.0
1035,71,0.0,1.781334016,4.766584832,16.387166208,3.981012992,0.0
1036,71,0.0,1.781334016,4.766281728,16.387166208,3.984736256,0.0
1037,81,0.0,1.781334016,4.767547392,16.387166208,3.98860288,0.0
1038,81,0.0,1.781334016,4.766486528,16.387166208,3.9923712,0.0
1039,81,0.0,1.781334016,4.767019008,16.387166208,3.996237824,0.0
1040,74,0.0,1.781334016,4.767117312,16.387166208,3.999981568,0.0
1041,74,0.0,1.781334016,4.767064064,16.387166208,4.003786752,0.0
1042,70,0.0,1.781334016,4.766814208,16.387166208,4.007636992,0.0
1043,70,0.0,1.781334016,4.76686336,16.387166208,4.011384832,0.0
1044,70,0.0,1.781334016,4.767133696,16.387166208,4.015202304,0.0
1045,72,0.0,1.781334016,4.76731392,16.387166208,4.01907712,0.0
1046,72,0.0,1.781334016,4.766810112,16.387166208,4.02280448,0.0
1047,72,0.0,1.781334016,4.766113792,16.387166208,4.026748928,0.0
1048,78,0.0,1.781334016,4.76672,16.38690816,4.030459904,0.0
1049,78,0.0,1.781334016,4.766334976,16.38690816,4.03429376,0.0
1050,70,0.0,1.781334016,4.766031872,16.38690816,4.038094848,0.0
1051,70,0.0,1.781334016,4.766560256,16.38690816,4.04185088,0.0
1052,70,0.0,1.781334016,4.7663104,16.38690816,4.045668352,0.0
1053,74,0.0,1.781334016,4.767236096,16.386650112,4.049395712,0.0
1054,74,0.0,1.781334016,4.767285248,16.387166208,4.053184512,0.0
1055,74,0.0,1.781334016,4.767039488,16.387166208,4.0569856,0.0
1056,75,0.0,1.781334016,4.766855168,16.387166208,4.060717056,0.0
1057,75,0.0,1.781334016,4.765671424,16.387166208,4.064473088,0.0
1058,75,0.0,1.781334016,4.766224384,16.387166208,4.06822912,0.0
1059,76,0.0,1.781334016,4.766457856,16.387166208,4.072042496,0.0
1060,76,0.0,1.781334016,4.766294016,16.387166208,4.075798528,0.0
1061,68,0.0,1.781334016,4.766179328,16.387231744,4.079611904,0.0
1062,68,0.0,1.781334016,4.76622848,16.387231744,4.083412992,0.0
1063,68,0.0,1.781334016,4.766744576,16.387166208,4.087296,0.0
1064,72,0.0,1.781334016,4.766400512,16.387166208,4.091006976,0.0
1065,72,0.0,1.781334016,4.766531584,16.387166208,4.094857216,0.0
1066,72,0.0,1.781334016,4.766666752,16.387166208,4.098646016,0.0
1067,75,0.0,1.781334016,4.765888512,16.387166208,4.102483968,0.0
1068,75,0.0,1.781334016,4.76676096,16.387166208,4.106334208,0.0
1069,69,0.0,1.781334016,4.766511104,16.387166208,4.110127104,0.0
1070,69,0.0,1.781334016,4.765884416,16.38752256,4.113825792,0.0
1071,69,0.0,1.781334016,4.7661056,16.38752256,4.11764736,0.0
1072,74,0.0,1.781334016,4.766601216,16.38752256,4.121391104,0.0
1073,74,0.0,1.781334016,4.76565504,16.38752256,4.125253632,0.0
1074,74,0.0,1.781334016,4.767309824,16.38752256,4.129062912,0.0
1075,80,0.0,1.781334016,4.766715904,16.387006464,4.132872192,0.0
1076,80,0.0,1.781334016,4.766625792,16.387006464,4.136656896,0.0
1077,80,0.0,1.781334016,4.766543872,16.38752256,4.1403392,0.0
1078,74,0.0,1.781334016,4.76680192,16.38752256,4.144136192,0.0
1079,74,0.0,1.781334016,4.766216192,16.38752256,4.147871744,0.0
1080,72,0.0,1.781334016,4.766642176,16.38752256,4.15168512,0.0
1081,72,0.0,1.781334016,4.766367744,16.38752256,4.155531264,0.0
1082,72,0.0,1.781334016,4.767023104,16.388038656,4.159315968,0.0
1083,70,0.0,1.781334016,4.766457856,16.388038656,4.163117056,0.0
1084,70,0.0,1.781334016,4.766625792,16.388038656,4.166905856,0.0
1085,70,0.0,1.781334016,4.767145984,16.388038656,4.170612736,0.0
1086,79,0.0,1.781334016,4.766449664,16.388038656,4.174462976,0.0
1087,79,0.0,1.781334016,4.766552064,16.388038656,4.178345984,0.0
1088,70,0.0,1.781334016,4.766138368,16.387780608,4.182212608,0.0
1089,70,0.0,1.781334016,4.766244864,16.387780608,4.18592768,0.0
1090,70,0.0,1.781334016,4.766056448,16.387780608,4.189843456,0.0
1091,74,0.0,1.781334016,4.76680192,16.387780608,4.193673216,0.0
1092,74,0.0,1.781334016,4.766900224,16.387780608,4.197371904,0.0
1093,74,0.0,1.781334016,4.767330304,16.387006464,4.201250816,0.0
1094,78,0.0,1.781334016,4.767285248,16.387264512,4.205056,0.0
1095,78,0.0,1.781334016,4.766875648,16.387006464,4.208881664,0.0
1096,78,0.0,1.781334016,4.767219712,16.387006464,4.212690944,0.0
1097,80,0.0,1.781334016,4.767309824,16.387006464,4.216459264,0.0
1098,80,0.0,1.781334016,4.767367168,16.387006464,4.22023168,0.0
1099,80,0.0,1.781334016,4.767629312,16.386490368,4.224028672,0.0
1100,80,0.0,1.781334016,4.767649792,16.38623232,4.227784704,0.0
1101,80,0.0,1.781334016,4.767576064,16.38623232,4.23165952,0.0
1102,80,0.0,1.781334016,4.767670272,16.38623232,4.23540736,0.0
1103,82,0.0,1.781334016,4.767531008,16.386490368,4.23919616,0.0
1104,82,0.0,1.781334016,4.767940608,16.386490368,4.243083264,0.0
1105,82,0.0,1.781334016,4.768079872,16.386748416,4.246904832,0.0
1106,81,0.0,1.781334016,4.767858688,16.386748416,4.25070592,0.0
1107,81,0.0,1.781334016,4.767727616,16.386748416,4.254572544,0.0
1108,81,0.0,1.781334016,4.76776448,16.387006464,4.258299904,0.0
1109,80,0.0,1.781334016,4.767862784,16.386748416,4.262170624,0.0
1110,80,0.0,1.781334016,4.76823552,16.386748416,4.265816064,0.0
1111,80,0.0,1.781334016,4.76831744,16.387264512,4.269592576,0.0
1112,80,0.0,1.781334016,4.768325632,16.387006464,4.27343872,0.0
1113,80,0.0,1.781334016,4.76817408,16.387006464,4.277260288,0.0
1114,80,0.0,1.781334016,4.76813312,16.387006464,4.281065472,0.0
1115,79,0.0,1.781334016,4.768272384,16.387006464,4.284809216,0.0
1116,79,0.0,1.781334016,4.768120832,16.386748416,4.288577536,0.0
1117,79,0.0,1.781334016,4.768620544,16.386748416,4.292308992,0.0
1118,80,0.0,1.781334016,4.76864512,16.38623232,4.296175616,0.0
1119,80,0.0,1.781334016,4.768632832,16.385974272,4.299943936,0.0
1120,80,0.0,1.781334016,4.76839936,16.386490368,4.303765504,0.0
1121,79,0.0,1.781334016,4.76874752,16.386490368,4.307673088,0.0
1122,79,0.0,1.781334016,4.76864512,16.386490368,4.311384064,0.0
1123,80,0.0,1.781334016,4.768657408,16.38623232,4.315144192,0.0
1124,80,0.0,1.781334016,4.768751616,16.38623232,4.318982144,0.0
1125,80,0.0,1.781334016,4.768628736,16.38623232,4.322873344,0.0
1126,79,0.0,1.781334016,4.76882944,16.38623232,4.3267072,0.0
1127,79,0.0,1.781334016,4.768841728,16.386748416,4.330479616,0.0
1128,79,0.0,1.781334016,4.769079296,16.386748416,4.334256128,0.0
1129,79,0.0,1.781334016,4.769026048,16.386748416,4.338065408,0.0
1130,79,0.0,1.781334016,4.768854016,16.386748416,4.341874688,0.0
1131,79,3736.7,1.781334016,4.769153024,16.386748416,4.345659392,0.0
1132,79,0.0,1.781334016,4.768960512,16.386748416,4.349472768,0.0
1133,79,0.0,1.781334016,4.7688704,16.386748416,4.353339392,0.0
1134,79,0.0,1.781334016,4.768772096,16.386748416,4.357124096,0.0
1135,79,0.0,1.781334016,4.769308672,16.386748416,4.360933376,0.0
1136,79,0.0,1.781334016,4.769378304,16.386748416,4.364795904,0.0
1137,79,0.0,1.781334016,4.76940288,16.386748416,4.36856832,0.0
1138,79,0.0,1.781334016,4.769427456,16.386748416,4.372385792,0.0
1139,79,0.0,1.781334016,4.769292288,16.386748416,4.37612544,0.0
1140,79,0.0,1.781334016,4.76930048,16.386748416,4.379922432,0.0
1141,81,0.0,1.781334016,4.769370112,16.386748416,4.383748096,0.0
1142,81,0.0,1.781334016,4.769304576,16.387264512,4.387618816,0.0
1143,81,0.0,1.781334016,4.769517568,16.387264512,4.391448576,0.0
1144,81,0.0,1.781334016,4.769497088,16.38752256,4.395327488,0.0
1145,81,0.0,1.781334016,4.76956672,16.38752256,4.399104,0.0
1146,81,0.0,1.781334016,4.769583104,16.38752256,4.402692096,0.0
1147,74,0.0,1.781334016,4.769947648,16.38752256,4.406513664,0.0
1148,74,0.0,1.781334016,4.769804288,16.38752256,4.410359808,0.0
1149,74,0.0,1.781334016,4.769828864,16.38752256,4.414066688,0.0
1150,78,0.0,1.781334016,4.76975104,16.38752256,4.41786368,0.0
1151,78,0.0,1.781334016,4.769718272,16.38752256,4.421697536,0.0
1152,78,0.0,1.781334016,4.7700992,16.38752256,4.42544128,0.0
1153,79,0.0,1.781334016,4.770328576,16.38752256,4.429238272,0.0
1154,79,0.0,1.781334016,4.770463744,16.38752256,4.433006592,0.0
1155,80,0.0,1.781334016,4.770291712,16.387006464,4.436832256,0.0
1156,80,0.0,1.781334016,4.770279424,16.386748416,4.440629248,0.0
1157,80,0.0,1.781334016,4.770144256,16.38674432,4.444442624,0.0
1158,79,0.0,1.781334016,4.770234368,16.38674432,4.448354304,0.0
1159,79,0.0,1.781334016,4.770304,16.38674432,4.452216832,0.0
1160,79,0.0,1.781334016,4.770525184,16.387002368,4.455972864,0.0
1161,80,0.0,1.781334016,4.770349056,16.387002368,4.45976576,0.0
1162,80,0.0,1.781334016,4.770189312,16.387002368,4.463566848,0.0
1163,80,0.0,1.781334016,4.770123776,16.387002368,4.467277824,0.0
1164,79,0.0,1.781334016,4.770607104,16.387002368,4.471058432,0.0
1165,79,0.0,1.781334016,4.770885632,16.387002368,4.474867712,0.0
1166,79,0.0,1.781334016,4.770983936,16.387002368,4.478697472,0.0
1167,79,0.0,1.781334016,4.770725888,16.387002368,4.482568192,0.0
1168,79,0.0,1.781334016,4.77073408,16.387002368,4.486340608,0.0
1169,79,0.0,1.781334016,4.770902016,16.387002368,4.490174464,0.0
1170,80,0.0,1.781334016,4.77104128,16.387002368,4.494041088,0.0
1171,80,0.0,1.781334016,4.770758656,16.387002368,4.497866752,0.0
1172,80,0.0,1.781334016,4.770840576,16.387002368,4.501651456,0.0
1173,76,0.0,1.781334016,4.770844672,16.387002368,4.50551808,0.0
1174,76,0.0,1.781334016,4.77083648,16.387002368,4.50936832,0.0
1175,76,0.0,1.781334016,4.770807808,16.38545408,4.513255424,0.0
1176,78,3615.7,1.781334016,4.770844672,16.38545408,4.517040128,0.0
1177,78,0.0,1.781334016,4.77110272,16.38545408,4.520824832,0.0
1178,78,3687.1,1.781334016,4.770942976,16.385712128,4.52462592,0.0
1179,80,0.0,1.781334016,4.771176448,16.385712128,4.528369664,0.0
1180,80,0.0,1.781334016,4.771110912,16.385712128,4.532248576,0.0
1181,80,0.0,1.781334016,4.771332096,16.385568768,4.536082432,0.0
1182,79,0.0,1.781334016,4.771254272,16.385568768,4.539887616,0.0
1183,79,3714.8,1.781334016,4.771094528,16.385568768,4.543598592,0.0
1184,79,0.0,1.781334016,4.771241984,16.385568768,4.547387392,0.0
1185,79,0.0,1.781334016,4.771377152,16.38531072,4.551168,0.0
1186,79,0.0,1.781334016,4.771602432,16.385048576,4.555026432,0.0
1187,72,0.0,1.781334016,4.771631104,16.385048576,4.55882752,0.0
1188,72,0.0,1.781334016,4.77161472,16.385048576,4.56267776,0.0
1189,72,0.0,1.781334016,4.771438592,16.385048576,4.566417408,0.0
1190,82,0.0,1.781334016,4.771598336,16.385048576,4.57025536,0.0
1191,82,0.0,1.781334016,4.771762176,16.385048576,4.574089216,0.0
1192,82,0.0,1.781334016,4.771586048,16.385048576,4.577972224,0.0
1193,81,3682.4,1.781334016,4.771713024,16.385048576,4.581789696,0.0
1194,81,0.0,1.781334016,4.77151232,16.384790528,4.585607168,0.0
1195,81,0.0,1.781334016,4.771586048,16.385048576,4.589355008,0.0
1196,77,0.0,1.781334016,4.771897344,16.385048576,4.593225728,0.0
1197,77,0.0,1.781334016,4.771741696,16.385048576,4.597010432,0.0
1198,77,0.0,1.781334016,4.772040704,16.385048576,4.600795136,0.0
1199,79,0.0,1.781334016,4.77206528,16.385564672,4.604628992,0.0
1200,79,0.0,1.781334016,4.771803136,16.385564672,4.608454656,0.0
1201,79,0.0,1.781334016,4.771643392,16.385564672,4.612313088,0.0
1202,79,3661.3,1.781334016,4.772171776,16.385564672,4.616040448,0.0
1203,79,0.0,1.781334016,4.772134912,16.385564672,4.61985792,0.0
1204,74,0.0,1.781334016,4.771999744,16.385564672,4.62374912,0.0
1205,74,0.0,1.781334016,4.772192256,16.385048576,4.627451904,0.0
1206,74,0.0,1.781334016,4.77208576,16.385048576,4.631293952,0.0
1207,80,0.0,1.781334016,4.772503552,16.384790528,4.635041792,0.0
1208,80,0.0,1.781334016,4.7724544,16.384790528,4.638814208,0.0
1209,80,0.0,1.781334016,4.772184064,16.384790528,4.642689024,0.0
1210,79,0.0,1.781334016,4.772196352,16.384790528,4.646531072,0.0
1211,79,0.0,1.781334016,4.772323328,16.384790528,4.650287104,0.0
1212,79,0.0,1.781334016,4.772855808,16.384790528,4.65408,0.0
1213,79,0.0,1.781334016,4.772532224,16.384790528,4.6578688,0.0
1214,79,0.0,1.781334016,4.772794368,16.384790528,4.661551104,0.0
1215,79,0.0,1.781334016,4.772646912,16.384790528,4.665417728,0.0
1216,80,0.0,1.781334016,4.772728832,16.384790528,4.669251584,0.0
1217,80,0.0,1.781334016,4.772814848,16.384790528,4.673015808,0.0
1218,80,0.0,1.781334016,4.773228544,16.384790528,4.67673088,0.0
1219,71,0.0,1.781334016,4.77298688,16.384790528,4.68056064,0.0
1220,71,0.0,1.781334016,4.772970496,16.384790528,4.684292096,0.0
1221,71,0.0,1.781334016,4.77310976,16.384790528,4.688142336,0.0
1222,79,0.0,1.781334016,4.77329408,16.384790528,4.691976192,0.0
1223,79,0.0,1.781334016,4.773330944,16.384790528,4.695732224,0.0
1224,79,0.0,1.781334016,4.773343232,16.384790528,4.699508736,0.0
1225,79,0.0,1.781334016,4.773072896,16.384790528,4.703358976,0.0
1226,79,0.0,1.781334016,4.773175296,16.384790528,4.70720512,0.0
1227,79,0.0,1.781334016,4.7735808,16.384790528,4.710879232,0.0
1228,79,0.0,1.781334016,4.773699584,16.384790528,4.714647552,0.0
1229,79,0.0,1.781334016,4.773306368,16.385048576,4.718522368,0.0
1230,79,0.0,1.781334016,4.773261312,16.385048576,4.722331648,0.0
1231,79,0.0,1.781334016,4.773748736,16.385048576,4.726124544,0.0
1232,79,0.0,1.781334016,4.773658624,16.385048576,4.72999936,0.0
1233,75,0.0,1.781334016,4.773543936,16.385048576,4.733759488,0.0
1234,75,0.0,1.781334016,4.773855232,16.385048576,4.73759744,0.0
1235,75,0.0,1.781334016,4.773900288,16.385048576,4.741378048,0.0
1236,82,0.0,1.781334016,4.773752832,16.385048576,4.745138176,0.0
1237,82,0.0,1.781334016,4.773879808,16.385048576,4.74898432,0.0
1238,82,3635.6,1.781334016,4.773752832,16.385048576,4.752842752,0.0
1239,77,0.0,1.781334016,4.773572608,16.385048576,4.756639744,0.0
1240,77,0.0,1.781334016,4.77401088,16.385048576,4.760547328,0.0
1241,77,0.0,1.781334016,4.773974016,16.385048576,4.764332032,0.0
1242,75,0.0,1.781334016,4.773982208,16.385048576,4.768206848,0.0
1243,75,0.0,1.781334016,4.774096896,16.384790528,4.77200384,0.0
1244,75,0.0,1.781334016,4.774158336,16.384790528,4.775796736,0.0
1245,79,0.0,1.781334016,4.773998592,16.384790528,4.779610112,0.0
1246,79,0.0,1.781334016,4.773605376,16.384790528,4.783456256,0.0
1247,71,0.0,1.781334016,4.774170624,16.38453248,4.787150848,0.0
1248,71,0.0,1.781334016,4.774117376,16.38453248,4.790996992,0.0
1249,71,0.0,1.781334016,4.774354944,16.384274432,4.794748928,0.0
1250,79,0.0,1.781334016,4.774477824,16.384274432,4.798590976,0.0
1251,79,0.0,1.781334016,4.774555648,16.384274432,4.802404352,0.0
1252,79,0.0,1.781334016,4.774506496,16.384274432,4.806238208,0.0
1253,82,0.0,1.781334016,4.7746048,16.384274432,4.810047488,0.0
1254,82,0.0,1.781334016,4.774633472,16.384274432,4.813750272,0.0
1255,82,0.0,1.781334016,4.774526976,16.384274432,4.817588224,0.0
1256,78,0.0,1.781334016,4.77464576,16.384274432,4.821344256,0.0
1257,78,0.0,1.781334016,4.7745024,16.384274432,4.825174016,0.0
1258,78,0.0,1.781334016,4.77489152,16.384274432,4.829016064,0.0
1259,80,0.0,1.781334016,4.774862848,16.384274432,4.832718848,0.0
1260,80,0.0,1.781334016,4.774948864,16.38453248,4.83653632,0.0
1261,80,0.0,1.781334016,4.775235584,16.38453248,4.84030464,0.0
1262,80,0.0,1.781334016,4.77493248,16.38453248,4.844142592,0.0
1263,80,0.0,1.781334016,4.774780928,16.38453248,4.848001024,0.0
1264,80,0.0,1.781334016,4.774711296,16.38453248,4.851769344,0.0
1265,79,0.0,1.781334016,4.775043072,16.384274432,4.855590912,0.0
1266,79,0.0,1.781334016,4.775153664,16.383758336,4.859441152,0.0
1267,75,0.0,1.781334016,4.774969344,16.383758336,4.863176704,0.0
1268,75,0.0,1.781334016,4.775329792,16.383500288,4.866932736,0.0
1269,75,0.0,1.781334016,4.775149568,16.383500288,4.870774784,0.0
1270,80,0.0,1.781334016,4.775497728,16.383500288,4.87458816,0.0
1271,80,0.0,1.781334016,4.775501824,16.383500288,4.87827456,0.0
1272,80,3649.3,1.781334016,4.775616512,16.383500288,4.88204288,0.0
1273,76,0.0,1.781334016,4.775563264,16.38324224,4.885786624,0.0
1274,76,0.0,1.781334016,4.775387136,16.383758336,4.889624576,0.0
1275,76,0.0,1.781334016,4.775424,16.383758336,4.893487104,0.0
1276,81,0.0,1.781334016,4.775763968,16.384274432,4.89734144,0.0
1277,81,0.0,1.781334016,4.775870464,16.384274432,4.90125312,0.0
1278,81,0.0,1.781334016,4.775829504,16.384274432,4.90498048,0.0
1279,81,0.0,1.781334016,4.775706624,16.384016384,4.908843008,0.0
1280,81,0.0,1.781334016,4.775596032,16.384016384,4.912586752,0.0
1281,81,0.0,1.781334016,4.775583744,16.38453248,4.916371456,0.0
1282,80,0.0,1.781334016,4.775886848,16.385048576,4.92023808,0.0
1283,80,0.0,1.781334016,4.775952384,16.385048576,4.924084224,0.0
1284,80,0.0,1.781334016,4.776157184,16.385048576,4.927787008,0.0
1285,78,0.0,1.781334016,4.776071168,16.385048576,4.931653632,0.0
1286,78,0.0,1.781334016,4.77609984,16.385048576,4.93545472,0.0
1287,78,0.0,1.781334016,4.776083456,16.385564672,4.939259904,0.0
1288,76,0.0,1.781334016,4.776083456,16.385306624,4.943015936,0.0
1289,76,0.0,1.781334016,4.776374272,16.38582272,4.946735104,0.0
1290,76,0.0,1.781334016,4.776296448,16.38582272,4.950634496,0.0
1291,80,0.0,1.781334016,4.776259584,16.38582272,4.95450112,0.0
1292,80,0.0,1.781334016,4.776255488,16.385564672,4.958232576,0.0
1293,70,0.0,1.781334016,4.77607936,16.385564672,4.96211968,0.0
1294,70,0.0,1.781334016,4.776337408,16.385306624,4.965830656,0.0
1295,70,0.0,1.781334016,4.776312832,16.385306624,4.969680896,0.0
1296,78,0.0,1.781334016,4.776783872,16.385306624,4.973346816,0.0
1297,78,0.0,1.781334016,4.776902656,16.385306624,4.977164288,0.0
1298,78,0.0,1.781334016,4.77671424,16.385306624,4.981006336,0.0
1299,76,0.0,1.781334016,4.776587264,16.385306624,4.984733696,0.0
1300,76,0.0,1.781334016,4.77677568,16.385306624,4.988444672,0.0
1301,76,0.0,1.781334016,4.776771584,16.384790528,4.992126976,0.0
1302,80,0.0,1.781334016,4.7773696,16.384790528,4.99595264,0.0
1303,80,0.0,1.781334016,4.777291776,16.384790528,4.999798784,0.0
1304,80,0.0,1.781334016,4.777029632,16.385048576,5.003538432,0.0
1305,74,0.0,1.781334016,4.777132032,16.385048576,5.007323136,0.0
1306,74,0.0,1.781334016,4.777418752,16.385048576,5.011185664,0.0
1307,80,0.0,1.781334016,4.777357312,16.385048576,5.014884352,0.0
1308,80,0.0,1.781334016,4.777381888,16.385048576,5.01866496,0.0
1309,80,0.0,1.781334016,4.77718528,16.385048576,5.022498816,0.0
1310,80,0.0,1.781334016,4.777402368,16.384790528,5.026422784,0.0
1311,80,0.0,1.781334016,4.77751296,16.384790528,5.030158336,0.0
1312,80,0.0,1.781334016,4.777467904,16.384790528,5.034012672,0.0
1313,80,0.0,1.781334016,4.7776768,16.384790528,5.037801472,0.0
1314,80,0.0,1.781334016,4.777684992,16.385048576,5.04162304,0.0
1315,80,0.0,1.781334016,4.777803776,16.385306624,5.04537088,0.0
1316,80,0.0,1.781334016,4.777934848,16.385564672,5.049204736,0.0
1317,80,0.0,1.781334016,4.777979904,16.38582272,5.053001728,0.0
1318,80,0.0,1.781334016,4.777947136,16.38582272,5.056823296,0.0
1319,80,0.0,1.781334016,4.777672704,16.38582272,5.060624384,0.0
1320,80,0.0,1.781334016,4.777824256,16.38582272,5.064359936,0.0
1321,80,0.0,1.781334016,4.777725952,16.38582272,5.06820608,0.0
1322,74,0.0,1.781334016,4.778172416,16.385564672,5.072113664,0.0
1323,74,0.0,1.781334016,4.778303488,16.385564672,5.075849216,0.0
1324,74,0.0,1.781334016,4.778135552,16.385564672,5.07973632,0.0
1325,74,0.0,1.781334016,4.777975808,16.385564672,5.083516928,0.0
1326,74,0.0,1.781334016,4.777828352,16.385564672,5.087318016,0.0
1327,75,0.0,1.781334016,4.7780864,16.385564672,5.09118464,0.0
1328,75,0.0,1.781334016,4.77796352,16.385564672,5.094879232,0.0
1329,75,0.0,1.781334016,4.778582016,16.385564672,5.098594304,0.0
1330,80,0.0,1.781334016,4.778430464,16.385564672,5.102321664,0.0
1331,80,0.0,1.781334016,4.77835264,16.385564672,5.10611456,0.0
1332,80,0.0,1.781334016,4.778983424,16.385564672,5.109809152,0.0
1333,81,0.0,1.781334016,4.778819584,16.385564672,5.113634816,0.0
1334,81,0.0,1.781334016,4.77894656,16.385564672,5.117415424,0.0
1335,81,0.0,1.781334016,4.77908992,16.385564672,5.121069056,0.0
1336,79,0.0,1.781334016,4.779032576,16.385564672,5.124886528,0.0
1337,79,0.0,1.781334016,4.779008,16.385564672,5.128740864,0.0
1338,79,0.0,1.781334016,4.77923328,16.385564672,5.132480512,0.0
1339,78,0.0,1.781334016,4.779094016,16.385564672,5.136330752,0.0
1340,78,0.0,1.781334016,4.779118592,16.385564672,5.140127744,0.0
1341,78,0.0,1.781334016,4.779323392,16.385564672,5.143908352,0.0
1342,80,0.0,1.781334016,4.77954048,16.385564672,5.147611136,0.0
1343,80,0.0,1.781334016,4.779388928,16.385564672,5.151473664,0.0
1344,80,0.0,1.781334016,4.779352064,16.385564672,5.155332096,0.0
1345,79,0.0,1.781334016,4.779536384,16.385564672,5.159182336,0.0
1346,79,0.0,1.781334016,4.779405312,16.385564672,5.163065344,0.0
1347,79,0.0,1.781334016,4.779290624,16.385564672,5.16691968,0.0
1348,79,0.0,1.781334016,4.77933568,16.385564672,5.170806784,0.0
1349,79,0.0,1.781334016,4.779061248,16.385564672,5.174632448,0.0
1350,79,3708.2,1.781334016,4.779655168,16.385564672,5.178494976,0.0
1351,79,0.0,1.781334016,4.77970432,16.385564672,5.182324736,0.0
1352,79,0.0,1.781334016,4.779593728,16.386080768,5.18606848,0.0
1353,79,0.0,1.781334016,4.779446272,16.386080768,5.189922816,0.0
1354,79,0.0,1.781334016,4.77945856,16.386080768,5.193617408,0.0
1355,79,0.0,1.781334016,4.78001152,16.38582272,5.19749632,0.0
1356,77,0.0,1.781334016,4.77990912,16.38582272,5.201248256,0.0
1357,77,0.0,1.781334016,4.779798528,16.38582272,5.205123072,0.0
1358,77,0.0,1.781334016,4.779741184,16.386338816,5.208899584,0.0
1359,81,0.0,1.781334016,4.779536384,16.386338816,5.212782592,0.0
1360,81,0.0,1.781334016,4.779757568,16.386338816,5.216600064,0.0
1361,81,0.0,1.781334016,4.779638784,16.386338816,5.22043392,0.0
1362,82,0.0,1.781334016,4.779937792,16.386080768,5.224382464,0.0
1363,82,0.0,1.781334016,4.779667456,16.386080768,5.228261376,0.0
1364,82,0.0,1.781334016,4.779966464,16.386080768,5.231951872,0.0
1365,74,0.0,1.781334016,4.78001152,16.386080768,5.235748864,0.0
1366,74,0.0,1.781334016,4.77986816,16.386080768,5.239590912,0.0
1367,74,0.0,1.781334016,4.779696128,16.38582272,5.243457536,0.0
1368,74,0.0,1.781334016,4.779720704,16.38582272,5.247238144,0.0
1369,74,3631.8,1.781334016,4.779958272,16.38582272,5.25109248,0.0
1370,75,0.0,1.781334016,4.779896832,16.38582272,5.254967296,0.0
1371,75,0.0,1.781334016,4.779769856,16.38582272,5.258739712,0.0
1372,75,0.0,1.781334016,4.779843584,16.38582272,5.262573568,0.0
1373,77,0.0,1.781334016,4.77997056,16.38582272,5.266436096,0.0
1374,77,0.0,1.781334016,4.780208128,16.38582272,5.270192128,0.0
1375,77,0.0,1.781334016,4.780167168,16.38582272,5.27405056,0.0
